"","clustsize","category"
"1",3,"All clusters"
"2",2,"All clusters"
"3",3,"All clusters"
"4",2,"All clusters"
"5",3,"All clusters"
"6",2,"All clusters"
"7",2,"All clusters"
"8",3,"All clusters"
"9",2,"All clusters"
"10",2,"All clusters"
"11",2,"All clusters"
"12",4,"All clusters"
"13",3,"All clusters"
"14",3,"All clusters"
"15",2,"All clusters"
"16",2,"All clusters"
"17",2,"All clusters"
"18",2,"All clusters"
"19",2,"All clusters"
"20",2,"All clusters"
"21",5,"All clusters"
"22",3,"All clusters"
"23",2,"All clusters"
"24",2,"All clusters"
"25",2,"All clusters"
"26",2,"All clusters"
"27",2,"All clusters"
"28",3,"All clusters"
"29",3,"All clusters"
"30",4,"All clusters"
"31",3,"All clusters"
"32",2,"All clusters"
"33",3,"All clusters"
"34",2,"All clusters"
"35",3,"All clusters"
"36",3,"All clusters"
"37",5,"All clusters"
"38",3,"All clusters"
"39",5,"All clusters"
"40",2,"All clusters"
"41",3,"All clusters"
"42",2,"All clusters"
"43",4,"All clusters"
"44",2,"All clusters"
"45",2,"All clusters"
"46",2,"All clusters"
"47",2,"All clusters"
"48",2,"All clusters"
"49",2,"All clusters"
"50",2,"All clusters"
"51",2,"All clusters"
"52",3,"All clusters"
"53",2,"All clusters"
"54",5,"All clusters"
"55",2,"All clusters"
"56",5,"All clusters"
"57",3,"All clusters"
"58",2,"All clusters"
"59",3,"All clusters"
"60",3,"All clusters"
"61",3,"All clusters"
"62",3,"All clusters"
"63",6,"All clusters"
"64",3,"All clusters"
"65",3,"All clusters"
"66",3,"All clusters"
"67",4,"All clusters"
"68",2,"All clusters"
"69",3,"All clusters"
"70",2,"All clusters"
"71",2,"All clusters"
"72",2,"All clusters"
"73",2,"All clusters"
"74",3,"All clusters"
"75",7,"All clusters"
"76",3,"All clusters"
"77",3,"All clusters"
"78",2,"All clusters"
"79",3,"All clusters"
"80",5,"All clusters"
"81",2,"All clusters"
"82",2,"All clusters"
"83",4,"All clusters"
"84",2,"All clusters"
"85",2,"All clusters"
"86",4,"All clusters"
"87",2,"All clusters"
"88",4,"All clusters"
"89",2,"All clusters"
"90",3,"All clusters"
"91",2,"All clusters"
"92",3,"All clusters"
"93",2,"All clusters"
"94",2,"All clusters"
"95",2,"All clusters"
"96",2,"All clusters"
"97",2,"All clusters"
"98",2,"All clusters"
"99",3,"All clusters"
"100",4,"All clusters"
"101",3,"All clusters"
"102",3,"All clusters"
"103",2,"All clusters"
"104",3,"All clusters"
"105",3,"All clusters"
"106",4,"All clusters"
"107",3,"All clusters"
"108",2,"All clusters"
"109",4,"All clusters"
"110",3,"All clusters"
"111",3,"All clusters"
"112",2,"All clusters"
"113",2,"All clusters"
"114",4,"All clusters"
"115",2,"All clusters"
"116",2,"All clusters"
"117",4,"All clusters"
"118",4,"All clusters"
"119",2,"All clusters"
"120",2,"All clusters"
"121",2,"All clusters"
"122",3,"All clusters"
"123",2,"All clusters"
"124",2,"All clusters"
"125",3,"All clusters"
"126",2,"All clusters"
"127",2,"All clusters"
"128",2,"All clusters"
"129",3,"All clusters"
"130",3,"All clusters"
"131",2,"All clusters"
"132",2,"All clusters"
"133",2,"All clusters"
"134",3,"All clusters"
"135",4,"All clusters"
"136",4,"All clusters"
"137",2,"All clusters"
"138",4,"All clusters"
"139",2,"All clusters"
"140",4,"All clusters"
"141",9,"All clusters"
"142",3,"All clusters"
"143",2,"All clusters"
"144",5,"All clusters"
"145",2,"All clusters"
"146",5,"All clusters"
"147",2,"All clusters"
"148",2,"All clusters"
"149",3,"All clusters"
"150",4,"All clusters"
"151",2,"All clusters"
"152",2,"All clusters"
"153",3,"All clusters"
"154",2,"All clusters"
"155",2,"All clusters"
"156",3,"All clusters"
"157",2,"All clusters"
"158",2,"All clusters"
"159",2,"All clusters"
"160",2,"All clusters"
"161",2,"All clusters"
"162",3,"All clusters"
"163",3,"All clusters"
"164",4,"All clusters"
"165",2,"All clusters"
"166",4,"All clusters"
"167",2,"All clusters"
"168",2,"All clusters"
"169",8,"All clusters"
"170",2,"All clusters"
"171",2,"All clusters"
"172",2,"All clusters"
"173",3,"All clusters"
"174",2,"All clusters"
"175",6,"All clusters"
"176",3,"All clusters"
"177",3,"All clusters"
"178",5,"All clusters"
"179",3,"All clusters"
"180",4,"All clusters"
"181",2,"All clusters"
"182",2,"All clusters"
"183",2,"All clusters"
"184",2,"All clusters"
"185",6,"All clusters"
"186",2,"All clusters"
"187",4,"All clusters"
"188",2,"All clusters"
"189",2,"All clusters"
"190",2,"All clusters"
"191",4,"All clusters"
"192",2,"All clusters"
"193",2,"All clusters"
"194",3,"All clusters"
"195",4,"All clusters"
"196",2,"All clusters"
"197",3,"All clusters"
"198",3,"All clusters"
"199",2,"All clusters"
"200",3,"All clusters"
"201",2,"All clusters"
"202",2,"All clusters"
"203",2,"All clusters"
"204",5,"All clusters"
"205",2,"All clusters"
"206",2,"All clusters"
"207",4,"All clusters"
"208",2,"All clusters"
"209",4,"All clusters"
"210",2,"All clusters"
"211",4,"All clusters"
"212",2,"All clusters"
"213",3,"All clusters"
"214",2,"All clusters"
"215",2,"All clusters"
"216",3,"All clusters"
"217",2,"All clusters"
"218",2,"All clusters"
"219",3,"All clusters"
"220",3,"All clusters"
"221",2,"All clusters"
"222",5,"All clusters"
"223",4,"All clusters"
"224",4,"All clusters"
"225",4,"All clusters"
"226",3,"All clusters"
"227",2,"All clusters"
"228",2,"All clusters"
"229",2,"All clusters"
"230",2,"All clusters"
"231",3,"All clusters"
"232",8,"All clusters"
"233",7,"All clusters"
"234",3,"All clusters"
"235",2,"All clusters"
"236",2,"All clusters"
"237",2,"All clusters"
"238",3,"All clusters"
"239",2,"All clusters"
"240",2,"All clusters"
"241",5,"All clusters"
"242",2,"All clusters"
"243",3,"All clusters"
"244",2,"All clusters"
"245",4,"All clusters"
"246",3,"All clusters"
"247",4,"All clusters"
"248",4,"All clusters"
"249",5,"All clusters"
"250",2,"All clusters"
"251",2,"All clusters"
"252",3,"All clusters"
"253",3,"All clusters"
"254",2,"All clusters"
"255",3,"All clusters"
"256",2,"All clusters"
"257",2,"All clusters"
"258",3,"All clusters"
"259",5,"All clusters"
"260",9,"All clusters"
"261",2,"All clusters"
"262",3,"All clusters"
"263",4,"All clusters"
"264",2,"All clusters"
"265",5,"All clusters"
"266",3,"All clusters"
"267",2,"All clusters"
"268",2,"All clusters"
"269",4,"All clusters"
"270",8,"All clusters"
"271",2,"All clusters"
"272",2,"All clusters"
"273",3,"All clusters"
"274",2,"All clusters"
"275",2,"All clusters"
"276",3,"All clusters"
"277",3,"All clusters"
"278",2,"All clusters"
"279",4,"All clusters"
"280",3,"All clusters"
"281",2,"All clusters"
"282",4,"All clusters"
"283",4,"All clusters"
"284",3,"All clusters"
"285",2,"All clusters"
"286",3,"All clusters"
"287",2,"All clusters"
"288",2,"All clusters"
"289",3,"All clusters"
"290",2,"All clusters"
"291",4,"All clusters"
"292",3,"All clusters"
"293",2,"All clusters"
"294",2,"All clusters"
"295",2,"All clusters"
"296",2,"All clusters"
"297",2,"All clusters"
"298",2,"All clusters"
"299",2,"All clusters"
"300",2,"All clusters"
"301",2,"All clusters"
"302",2,"All clusters"
"303",2,"All clusters"
"304",2,"All clusters"
"305",5,"All clusters"
"306",2,"All clusters"
"307",5,"All clusters"
"308",2,"All clusters"
"309",2,"All clusters"
"310",2,"All clusters"
"311",4,"All clusters"
"312",4,"All clusters"
"313",2,"All clusters"
"314",2,"All clusters"
"315",2,"All clusters"
"316",4,"All clusters"
"317",4,"All clusters"
"318",2,"All clusters"
"319",2,"All clusters"
"320",4,"All clusters"
"321",3,"All clusters"
"322",3,"All clusters"
"323",8,"All clusters"
"324",4,"All clusters"
"325",6,"All clusters"
"326",4,"All clusters"
"327",4,"All clusters"
"328",4,"All clusters"
"329",2,"All clusters"
"330",2,"All clusters"
"331",2,"All clusters"
"332",3,"All clusters"
"333",2,"All clusters"
"334",4,"All clusters"
"335",2,"All clusters"
"336",5,"All clusters"
"337",2,"All clusters"
"338",3,"All clusters"
"339",2,"All clusters"
"340",5,"All clusters"
"341",2,"All clusters"
"342",6,"All clusters"
"343",4,"All clusters"
"344",9,"All clusters"
"345",3,"All clusters"
"346",2,"All clusters"
"347",2,"All clusters"
"348",2,"All clusters"
"349",3,"All clusters"
"350",2,"All clusters"
"351",2,"All clusters"
"352",2,"All clusters"
"353",2,"All clusters"
"354",2,"All clusters"
"355",4,"All clusters"
"356",2,"All clusters"
"357",2,"All clusters"
"358",4,"All clusters"
"359",2,"All clusters"
"360",5,"All clusters"
"361",8,"All clusters"
"362",2,"All clusters"
"363",2,"All clusters"
"364",4,"All clusters"
"365",3,"All clusters"
"366",2,"All clusters"
"367",2,"All clusters"
"368",2,"All clusters"
"369",2,"All clusters"
"370",4,"All clusters"
"371",2,"All clusters"
"372",2,"All clusters"
"373",2,"All clusters"
"374",3,"All clusters"
"375",2,"All clusters"
"376",2,"All clusters"
"377",2,"All clusters"
"378",2,"All clusters"
"379",2,"All clusters"
"380",6,"All clusters"
"381",2,"All clusters"
"382",2,"All clusters"
"383",2,"All clusters"
"384",3,"All clusters"
"385",3,"All clusters"
"386",2,"All clusters"
"387",2,"All clusters"
"388",4,"All clusters"
"389",4,"All clusters"
"390",2,"All clusters"
"391",3,"All clusters"
"392",3,"All clusters"
"393",3,"All clusters"
"394",9,"All clusters"
"395",2,"All clusters"
"396",2,"All clusters"
"397",4,"All clusters"
"398",2,"All clusters"
"399",4,"All clusters"
"400",3,"All clusters"
"401",2,"All clusters"
"402",2,"All clusters"
"403",3,"All clusters"
"404",3,"All clusters"
"405",2,"All clusters"
"406",4,"All clusters"
"407",2,"All clusters"
"408",4,"All clusters"
"409",4,"All clusters"
"410",6,"All clusters"
"411",2,"All clusters"
"412",3,"All clusters"
"413",3,"All clusters"
"414",5,"All clusters"
"415",4,"All clusters"
"416",2,"All clusters"
"417",3,"All clusters"
"418",5,"All clusters"
"419",5,"All clusters"
"420",4,"All clusters"
"421",2,"All clusters"
"422",2,"All clusters"
"423",2,"All clusters"
"424",3,"All clusters"
"425",2,"All clusters"
"426",4,"All clusters"
"427",2,"All clusters"
"428",6,"All clusters"
"429",2,"All clusters"
"430",4,"All clusters"
"431",6,"All clusters"
"432",3,"All clusters"
"433",3,"All clusters"
"434",3,"All clusters"
"435",3,"All clusters"
"436",2,"All clusters"
"437",4,"All clusters"
"438",5,"All clusters"
"439",3,"All clusters"
"440",4,"All clusters"
"441",2,"All clusters"
"442",2,"All clusters"
"443",2,"All clusters"
"444",3,"All clusters"
"445",3,"All clusters"
"446",2,"All clusters"
"447",3,"All clusters"
"448",7,"All clusters"
"449",2,"All clusters"
"450",5,"All clusters"
"451",3,"All clusters"
"452",4,"All clusters"
"453",2,"All clusters"
"454",8,"All clusters"
"455",2,"All clusters"
"456",4,"All clusters"
"457",4,"All clusters"
"458",2,"All clusters"
"459",5,"All clusters"
"460",4,"All clusters"
"461",3,"All clusters"
"462",2,"All clusters"
"463",4,"All clusters"
"464",3,"All clusters"
"465",2,"All clusters"
"466",6,"All clusters"
"467",2,"All clusters"
"468",2,"All clusters"
"469",3,"All clusters"
"470",2,"All clusters"
"471",4,"All clusters"
"472",4,"All clusters"
"473",4,"All clusters"
"474",4,"All clusters"
"475",3,"All clusters"
"476",3,"All clusters"
"477",2,"All clusters"
"478",3,"All clusters"
"479",2,"All clusters"
"480",3,"All clusters"
"481",3,"All clusters"
"482",3,"All clusters"
"483",2,"All clusters"
"484",6,"All clusters"
"485",3,"All clusters"
"486",2,"All clusters"
"487",2,"All clusters"
"488",3,"All clusters"
"489",2,"All clusters"
"490",3,"All clusters"
"491",2,"All clusters"
"492",3,"All clusters"
"493",3,"All clusters"
"494",2,"All clusters"
"495",2,"All clusters"
"496",2,"All clusters"
"497",3,"All clusters"
"498",3,"All clusters"
"499",3,"All clusters"
"500",4,"All clusters"
"501",6,"All clusters"
"502",4,"All clusters"
"503",2,"All clusters"
"504",3,"All clusters"
"505",4,"All clusters"
"506",2,"All clusters"
"507",3,"All clusters"
"508",2,"All clusters"
"509",4,"All clusters"
"510",3,"All clusters"
"511",4,"All clusters"
"512",3,"All clusters"
"513",3,"All clusters"
"514",2,"All clusters"
"515",2,"All clusters"
"516",2,"All clusters"
"517",2,"All clusters"
"518",5,"All clusters"
"519",2,"All clusters"
"520",2,"All clusters"
"521",2,"All clusters"
"522",3,"All clusters"
"523",2,"All clusters"
"524",2,"All clusters"
"525",2,"All clusters"
"526",2,"All clusters"
"527",2,"All clusters"
"528",2,"All clusters"
"529",4,"All clusters"
"530",2,"All clusters"
"531",3,"All clusters"
"532",5,"All clusters"
"533",2,"All clusters"
"534",2,"All clusters"
"535",2,"All clusters"
"536",2,"All clusters"
"537",2,"All clusters"
"538",5,"All clusters"
"539",2,"All clusters"
"540",2,"All clusters"
"541",3,"All clusters"
"542",3,"All clusters"
"543",8,"All clusters"
"544",2,"All clusters"
"545",2,"All clusters"
"546",2,"All clusters"
"547",2,"All clusters"
"548",4,"All clusters"
"549",2,"All clusters"
"550",2,"All clusters"
"551",4,"All clusters"
"552",9,"All clusters"
"553",2,"All clusters"
"554",4,"All clusters"
"555",3,"All clusters"
"556",4,"All clusters"
"557",5,"All clusters"
"558",4,"All clusters"
"559",2,"All clusters"
"560",2,"All clusters"
"561",2,"All clusters"
"562",2,"All clusters"
"563",2,"All clusters"
"564",3,"All clusters"
"565",5,"All clusters"
"566",2,"All clusters"
"567",2,"All clusters"
"568",2,"All clusters"
"569",3,"All clusters"
"570",3,"All clusters"
"571",2,"All clusters"
"572",4,"All clusters"
"573",2,"All clusters"
"574",3,"All clusters"
"575",6,"All clusters"
"576",2,"All clusters"
"577",4,"All clusters"
"578",4,"All clusters"
"579",2,"All clusters"
"580",2,"All clusters"
"581",3,"All clusters"
"582",2,"All clusters"
"583",2,"All clusters"
"584",2,"All clusters"
"585",3,"All clusters"
"586",5,"All clusters"
"587",2,"All clusters"
"588",2,"All clusters"
"589",2,"All clusters"
"590",2,"All clusters"
"591",3,"All clusters"
"592",2,"All clusters"
"593",2,"All clusters"
"594",3,"All clusters"
"595",8,"All clusters"
"596",4,"All clusters"
"597",2,"All clusters"
"598",2,"All clusters"
"599",2,"All clusters"
"600",2,"All clusters"
"601",3,"All clusters"
"602",2,"All clusters"
"603",2,"All clusters"
"604",2,"All clusters"
"605",2,"All clusters"
"606",3,"All clusters"
"607",3,"All clusters"
"608",2,"All clusters"
"609",5,"All clusters"
"610",2,"All clusters"
"611",3,"All clusters"
"612",2,"All clusters"
"613",2,"All clusters"
"614",3,"All clusters"
"615",2,"All clusters"
"616",3,"All clusters"
"617",4,"All clusters"
"618",3,"All clusters"
"619",2,"All clusters"
"620",3,"All clusters"
"621",2,"All clusters"
"622",4,"All clusters"
"623",2,"All clusters"
"624",2,"All clusters"
"625",2,"All clusters"
"626",2,"All clusters"
"627",2,"All clusters"
"628",2,"All clusters"
"629",2,"All clusters"
"630",2,"All clusters"
"631",2,"All clusters"
"632",2,"All clusters"
"633",2,"All clusters"
"634",2,"All clusters"
"635",3,"All clusters"
"636",3,"All clusters"
"637",2,"All clusters"
"638",3,"All clusters"
"639",4,"All clusters"
"640",5,"All clusters"
"641",3,"All clusters"
"642",2,"All clusters"
"643",2,"All clusters"
"644",3,"All clusters"
"645",2,"All clusters"
"646",2,"All clusters"
"647",4,"All clusters"
"648",14,"All clusters"
"649",2,"All clusters"
"650",2,"All clusters"
"651",3,"All clusters"
"652",3,"All clusters"
"653",3,"All clusters"
"654",3,"All clusters"
"655",2,"All clusters"
"656",3,"All clusters"
"657",4,"All clusters"
"658",2,"All clusters"
"659",2,"All clusters"
"660",4,"All clusters"
"661",2,"All clusters"
"662",2,"All clusters"
"663",3,"All clusters"
"664",2,"All clusters"
"665",2,"All clusters"
"666",2,"All clusters"
"667",3,"All clusters"
"668",2,"All clusters"
"669",4,"All clusters"
"670",2,"All clusters"
"671",2,"All clusters"
"672",8,"All clusters"
"673",3,"All clusters"
"674",2,"All clusters"
"675",2,"All clusters"
"676",6,"All clusters"
"677",2,"All clusters"
"678",4,"All clusters"
"679",5,"All clusters"
"680",4,"All clusters"
"681",3,"All clusters"
"682",7,"All clusters"
"683",4,"All clusters"
"684",3,"All clusters"
"685",4,"All clusters"
"686",2,"All clusters"
"687",3,"All clusters"
"688",2,"All clusters"
"689",4,"All clusters"
"690",2,"All clusters"
"691",3,"All clusters"
"692",3,"All clusters"
"693",2,"All clusters"
"694",3,"All clusters"
"695",2,"All clusters"
"696",2,"All clusters"
"697",4,"All clusters"
"698",2,"All clusters"
"699",2,"All clusters"
"700",3,"All clusters"
"701",2,"All clusters"
"702",2,"All clusters"
"703",2,"All clusters"
"704",2,"All clusters"
"705",3,"All clusters"
"706",3,"All clusters"
"707",2,"All clusters"
"708",2,"All clusters"
"709",2,"All clusters"
"710",2,"All clusters"
"711",2,"All clusters"
"712",4,"All clusters"
"713",2,"All clusters"
"714",2,"All clusters"
"715",3,"All clusters"
"716",2,"All clusters"
"717",4,"All clusters"
"718",4,"All clusters"
"719",2,"All clusters"
"720",2,"All clusters"
"721",2,"All clusters"
"722",2,"All clusters"
"723",6,"All clusters"
"724",5,"All clusters"
"725",2,"All clusters"
"726",3,"All clusters"
"727",2,"All clusters"
"728",6,"All clusters"
"729",4,"All clusters"
"730",4,"All clusters"
"731",4,"All clusters"
"732",3,"All clusters"
"733",3,"All clusters"
"734",4,"All clusters"
"735",2,"All clusters"
"736",3,"All clusters"
"737",2,"All clusters"
"738",2,"All clusters"
"739",4,"All clusters"
"740",3,"All clusters"
"741",3,"All clusters"
"742",4,"All clusters"
"743",4,"All clusters"
"744",4,"All clusters"
"745",10,"All clusters"
"746",3,"All clusters"
"747",2,"All clusters"
"748",4,"All clusters"
"749",2,"All clusters"
"750",5,"All clusters"
"751",3,"All clusters"
"752",12,"All clusters"
"753",3,"All clusters"
"754",3,"All clusters"
"755",2,"All clusters"
"756",2,"All clusters"
"757",3,"All clusters"
"758",2,"All clusters"
"759",4,"All clusters"
"760",3,"All clusters"
"761",2,"All clusters"
"762",4,"All clusters"
"763",3,"All clusters"
"764",4,"All clusters"
"765",7,"All clusters"
"766",2,"All clusters"
"767",3,"All clusters"
"768",3,"All clusters"
"769",4,"All clusters"
"770",3,"All clusters"
"771",5,"All clusters"
"772",2,"All clusters"
"773",2,"All clusters"
"774",2,"All clusters"
"775",2,"All clusters"
"776",3,"All clusters"
"777",2,"All clusters"
"778",3,"All clusters"
"779",3,"All clusters"
"780",4,"All clusters"
"781",2,"All clusters"
"782",3,"All clusters"
"783",5,"All clusters"
"784",2,"All clusters"
"785",3,"All clusters"
"786",3,"All clusters"
"787",2,"All clusters"
"788",4,"All clusters"
"789",5,"All clusters"
"790",4,"All clusters"
"791",3,"All clusters"
"792",3,"All clusters"
"793",2,"All clusters"
"794",2,"All clusters"
"795",4,"All clusters"
"796",3,"All clusters"
"797",2,"All clusters"
"798",5,"All clusters"
"799",2,"All clusters"
"800",2,"All clusters"
"801",2,"All clusters"
"802",4,"All clusters"
"803",3,"All clusters"
"804",3,"All clusters"
"805",2,"All clusters"
"806",2,"All clusters"
"807",4,"All clusters"
"808",3,"All clusters"
"809",8,"All clusters"
"810",2,"All clusters"
"811",3,"All clusters"
"812",2,"All clusters"
"813",5,"All clusters"
"814",2,"All clusters"
"815",5,"All clusters"
"816",2,"All clusters"
"817",3,"All clusters"
"818",6,"All clusters"
"819",4,"All clusters"
"820",2,"All clusters"
"821",5,"All clusters"
"822",2,"All clusters"
"823",2,"All clusters"
"824",3,"All clusters"
"825",2,"All clusters"
"826",3,"All clusters"
"827",2,"All clusters"
"828",2,"All clusters"
"829",6,"All clusters"
"830",2,"All clusters"
"831",2,"All clusters"
"832",3,"All clusters"
"833",3,"All clusters"
"834",9,"All clusters"
"835",2,"All clusters"
"836",5,"All clusters"
"837",3,"All clusters"
"838",4,"All clusters"
"839",4,"All clusters"
"840",3,"All clusters"
"841",9,"All clusters"
"842",3,"All clusters"
"843",3,"All clusters"
"844",3,"All clusters"
"845",2,"All clusters"
"846",3,"All clusters"
"847",4,"All clusters"
"848",2,"All clusters"
"849",5,"All clusters"
"850",2,"All clusters"
"851",4,"All clusters"
"852",2,"All clusters"
"853",3,"All clusters"
"854",2,"All clusters"
"855",2,"All clusters"
"856",5,"All clusters"
"857",3,"All clusters"
"858",3,"All clusters"
"859",2,"All clusters"
"860",2,"All clusters"
"861",6,"All clusters"
"862",5,"All clusters"
"863",2,"All clusters"
"864",2,"All clusters"
"865",2,"All clusters"
"866",3,"All clusters"
"867",6,"All clusters"
"868",2,"All clusters"
"869",4,"All clusters"
"870",4,"All clusters"
"871",2,"All clusters"
"872",2,"All clusters"
"873",2,"All clusters"
"874",3,"All clusters"
"875",5,"All clusters"
"876",2,"All clusters"
"877",2,"All clusters"
"878",7,"All clusters"
"879",2,"All clusters"
"880",4,"All clusters"
"881",2,"All clusters"
"882",8,"All clusters"
"883",3,"All clusters"
"884",4,"All clusters"
"885",5,"All clusters"
"886",2,"All clusters"
"887",2,"All clusters"
"888",4,"All clusters"
"889",6,"All clusters"
"890",3,"All clusters"
"891",6,"All clusters"
"892",2,"All clusters"
"893",9,"All clusters"
"894",3,"All clusters"
"895",3,"All clusters"
"896",3,"All clusters"
"897",4,"All clusters"
"898",8,"All clusters"
"899",3,"All clusters"
"900",6,"All clusters"
"901",4,"All clusters"
"902",2,"All clusters"
"903",3,"All clusters"
"904",3,"All clusters"
"905",2,"All clusters"
"906",3,"All clusters"
"907",3,"All clusters"
"908",2,"All clusters"
"909",3,"All clusters"
"910",4,"All clusters"
"911",3,"All clusters"
"912",2,"All clusters"
"913",2,"All clusters"
"914",2,"All clusters"
"915",2,"All clusters"
"916",2,"All clusters"
"917",2,"All clusters"
"918",3,"All clusters"
"919",2,"All clusters"
"920",4,"All clusters"
"921",3,"All clusters"
"922",5,"All clusters"
"923",2,"All clusters"
"924",4,"All clusters"
"925",3,"All clusters"
"926",3,"All clusters"
"927",2,"All clusters"
"928",4,"All clusters"
"929",2,"All clusters"
"930",2,"All clusters"
"931",2,"All clusters"
"932",3,"All clusters"
"933",3,"All clusters"
"934",3,"All clusters"
"935",3,"All clusters"
"936",3,"All clusters"
"937",2,"All clusters"
"938",6,"All clusters"
"939",2,"All clusters"
"940",3,"All clusters"
"941",4,"All clusters"
"942",5,"All clusters"
"943",2,"All clusters"
"944",7,"All clusters"
"945",6,"All clusters"
"946",4,"All clusters"
"947",2,"All clusters"
"948",3,"All clusters"
"949",2,"All clusters"
"950",2,"All clusters"
"951",2,"All clusters"
"952",2,"All clusters"
"953",7,"All clusters"
"954",2,"All clusters"
"955",5,"All clusters"
"956",2,"All clusters"
"957",7,"All clusters"
"958",13,"All clusters"
"959",3,"All clusters"
"960",6,"All clusters"
"961",4,"All clusters"
"962",3,"All clusters"
"963",2,"All clusters"
"964",5,"All clusters"
"965",11,"All clusters"
"966",4,"All clusters"
"967",2,"All clusters"
"968",4,"All clusters"
"969",3,"All clusters"
"970",2,"All clusters"
"971",5,"All clusters"
"972",4,"All clusters"
"973",2,"All clusters"
"974",2,"All clusters"
"975",2,"All clusters"
"976",5,"All clusters"
"977",2,"All clusters"
"978",5,"All clusters"
"979",2,"All clusters"
"980",3,"All clusters"
"981",5,"All clusters"
"982",3,"All clusters"
"983",2,"All clusters"
"984",3,"All clusters"
"985",2,"All clusters"
"986",6,"All clusters"
"987",2,"All clusters"
"988",5,"All clusters"
"989",3,"All clusters"
"990",2,"All clusters"
"991",4,"All clusters"
"992",6,"All clusters"
"993",4,"All clusters"
"994",4,"All clusters"
"995",2,"All clusters"
"996",4,"All clusters"
"997",3,"All clusters"
"998",2,"All clusters"
"999",2,"All clusters"
"1000",3,"All clusters"
"1001",2,"All clusters"
"1002",4,"All clusters"
"1003",2,"All clusters"
"1004",3,"All clusters"
"1005",3,"All clusters"
"1006",2,"All clusters"
"1007",7,"All clusters"
"1008",3,"All clusters"
"1009",3,"All clusters"
"1010",3,"All clusters"
"1011",2,"All clusters"
"1012",6,"All clusters"
"1013",5,"All clusters"
"1014",3,"All clusters"
"1015",5,"All clusters"
"1016",2,"All clusters"
"1017",4,"All clusters"
"1018",4,"All clusters"
"1019",3,"All clusters"
"1020",3,"All clusters"
"1021",3,"All clusters"
"1022",2,"All clusters"
"1023",2,"All clusters"
"1024",2,"All clusters"
"1025",2,"All clusters"
"1026",2,"All clusters"
"1027",6,"All clusters"
"1028",2,"All clusters"
"1029",2,"All clusters"
"1030",3,"All clusters"
"1031",2,"All clusters"
"1032",2,"All clusters"
"1033",2,"All clusters"
"1034",2,"All clusters"
"1035",3,"All clusters"
"1036",2,"All clusters"
"1037",2,"All clusters"
"1038",2,"All clusters"
"1039",5,"All clusters"
"1040",2,"All clusters"
"1041",2,"All clusters"
"1042",2,"All clusters"
"1043",7,"All clusters"
"1044",2,"All clusters"
"1045",4,"All clusters"
"1046",3,"All clusters"
"1047",2,"All clusters"
"1048",2,"All clusters"
"1049",2,"All clusters"
"1050",3,"All clusters"
"1051",7,"All clusters"
"1052",3,"All clusters"
"1053",3,"All clusters"
"1054",3,"All clusters"
"1055",2,"All clusters"
"1056",4,"All clusters"
"1057",3,"All clusters"
"1058",3,"All clusters"
"1059",4,"All clusters"
"1060",2,"All clusters"
"1061",2,"All clusters"
"1062",4,"All clusters"
"1063",4,"All clusters"
"1064",4,"All clusters"
"1065",2,"All clusters"
"1066",2,"All clusters"
"1067",2,"All clusters"
"1068",5,"All clusters"
"1069",2,"All clusters"
"1070",2,"All clusters"
"1071",5,"All clusters"
"1072",2,"All clusters"
"1073",2,"All clusters"
"1074",3,"All clusters"
"1075",3,"All clusters"
"1076",10,"All clusters"
"1077",2,"All clusters"
"1078",2,"All clusters"
"1079",2,"All clusters"
"1080",5,"All clusters"
"1081",2,"All clusters"
"1082",2,"All clusters"
"1083",2,"All clusters"
"1084",2,"All clusters"
"1085",2,"All clusters"
"1086",2,"All clusters"
"1087",3,"All clusters"
"1088",2,"All clusters"
"1089",3,"All clusters"
"1090",2,"All clusters"
"1091",3,"All clusters"
"1092",2,"All clusters"
"1093",2,"All clusters"
"1094",2,"All clusters"
"1095",4,"All clusters"
"1096",5,"All clusters"
"1097",2,"All clusters"
"1098",5,"All clusters"
"1099",3,"All clusters"
"1100",3,"All clusters"
"1101",3,"All clusters"
"1102",3,"All clusters"
"1103",4,"All clusters"
"1104",2,"All clusters"
"1105",6,"All clusters"
"1106",4,"All clusters"
"1107",2,"All clusters"
"1108",7,"All clusters"
"1109",2,"All clusters"
"1110",3,"All clusters"
"1111",7,"All clusters"
"1112",2,"All clusters"
"1113",2,"All clusters"
"1114",2,"All clusters"
"1115",3,"All clusters"
"1116",3,"All clusters"
"1117",3,"All clusters"
"1118",2,"All clusters"
"1119",2,"All clusters"
"1120",2,"All clusters"
"1121",2,"All clusters"
"1122",3,"All clusters"
"1123",2,"All clusters"
"1124",2,"All clusters"
"1125",2,"All clusters"
"1126",3,"All clusters"
"1127",2,"All clusters"
"1128",2,"All clusters"
"1129",3,"All clusters"
"1130",2,"All clusters"
"1131",2,"All clusters"
"1132",5,"All clusters"
"1133",2,"All clusters"
"1134",3,"All clusters"
"1135",3,"All clusters"
"1136",2,"All clusters"
"1137",5,"All clusters"
"1138",4,"All clusters"
"1139",2,"All clusters"
"1140",4,"All clusters"
"1141",3,"All clusters"
"1142",2,"All clusters"
"1143",5,"All clusters"
"1144",8,"All clusters"
"1145",2,"All clusters"
"1146",5,"All clusters"
"1147",5,"All clusters"
"1148",4,"All clusters"
"1149",3,"All clusters"
"1150",2,"All clusters"
"1151",2,"All clusters"
"1152",2,"All clusters"
"1153",5,"All clusters"
"1154",2,"All clusters"
"1155",2,"All clusters"
"1156",2,"All clusters"
"1157",2,"All clusters"
"1158",2,"All clusters"
"1159",3,"All clusters"
"1160",3,"All clusters"
"1161",3,"All clusters"
"1162",3,"All clusters"
"1163",2,"All clusters"
"1164",3,"All clusters"
"1165",3,"All clusters"
"1166",5,"All clusters"
"1167",4,"All clusters"
"1168",3,"All clusters"
"1169",4,"All clusters"
"1170",2,"All clusters"
"1171",6,"All clusters"
"1172",2,"All clusters"
"1173",2,"All clusters"
"1174",3,"All clusters"
"1175",4,"All clusters"
"1176",7,"All clusters"
"1177",3,"All clusters"
"1178",2,"All clusters"
"1179",3,"All clusters"
"1180",3,"All clusters"
"1181",2,"All clusters"
"1182",2,"All clusters"
"1183",3,"All clusters"
"1184",3,"All clusters"
"1185",3,"All clusters"
"1186",3,"All clusters"
"1187",3,"All clusters"
"1188",2,"All clusters"
"1189",2,"All clusters"
"1190",2,"All clusters"
"1191",7,"All clusters"
"1192",2,"All clusters"
"1193",2,"All clusters"
"1194",5,"All clusters"
"1195",2,"All clusters"
"1196",4,"All clusters"
"1197",4,"All clusters"
"1198",4,"All clusters"
"1199",3,"All clusters"
"1200",3,"All clusters"
"1201",3,"All clusters"
"1202",6,"All clusters"
"1203",2,"All clusters"
"1204",4,"All clusters"
"1205",2,"All clusters"
"1206",4,"All clusters"
"1207",3,"All clusters"
"1208",4,"All clusters"
"1209",2,"All clusters"
"1210",2,"All clusters"
"1211",2,"All clusters"
"1212",3,"All clusters"
"1213",3,"All clusters"
"1214",2,"All clusters"
"1215",3,"All clusters"
"1216",2,"All clusters"
"1217",2,"All clusters"
"1218",2,"All clusters"
"1219",2,"All clusters"
"1220",2,"All clusters"
"1221",2,"All clusters"
"1222",4,"All clusters"
"1223",2,"All clusters"
"1224",2,"All clusters"
"1225",4,"All clusters"
"1226",4,"All clusters"
"1227",7,"All clusters"
"1228",3,"All clusters"
"1229",3,"All clusters"
"1230",2,"All clusters"
"1231",3,"All clusters"
"1232",3,"All clusters"
"1233",3,"All clusters"
"1234",6,"All clusters"
"1235",3,"All clusters"
"1236",3,"All clusters"
"1237",3,"All clusters"
"1238",2,"All clusters"
"1239",2,"All clusters"
"1240",2,"All clusters"
"1241",3,"All clusters"
"1242",3,"All clusters"
"1243",4,"All clusters"
"1244",2,"All clusters"
"1245",2,"All clusters"
"1246",3,"All clusters"
"1247",2,"All clusters"
"1248",7,"All clusters"
"1249",3,"All clusters"
"1250",4,"All clusters"
"1251",2,"All clusters"
"1252",2,"All clusters"
"1253",2,"All clusters"
"1254",3,"All clusters"
"1255",2,"All clusters"
"1256",4,"All clusters"
"1257",4,"All clusters"
"1258",4,"All clusters"
"1259",2,"All clusters"
"1260",3,"All clusters"
"1261",3,"All clusters"
"1262",2,"All clusters"
"1263",3,"All clusters"
"1264",3,"All clusters"
"1265",2,"All clusters"
"1266",3,"All clusters"
"1267",4,"All clusters"
"1268",3,"All clusters"
"1269",2,"All clusters"
"1270",3,"All clusters"
"1271",3,"All clusters"
"1272",2,"All clusters"
"1273",2,"All clusters"
"1274",3,"All clusters"
"1275",2,"All clusters"
"1276",2,"All clusters"
"1277",3,"All clusters"
"1278",2,"All clusters"
"1279",2,"All clusters"
"1280",2,"All clusters"
"1281",3,"All clusters"
"1282",3,"All clusters"
"1283",2,"All clusters"
"1284",2,"All clusters"
"1285",2,"All clusters"
"1286",2,"All clusters"
"1287",3,"All clusters"
"1288",2,"All clusters"
"1289",2,"All clusters"
"1290",3,"All clusters"
"1291",2,"All clusters"
"1292",2,"All clusters"
"1293",2,"All clusters"
"1294",4,"All clusters"
"1295",3,"All clusters"
"1296",2,"All clusters"
"1297",2,"All clusters"
"1298",2,"All clusters"
"1299",2,"All clusters"
"1300",3,"All clusters"
"1301",2,"All clusters"
"1302",3,"All clusters"
"1303",2,"All clusters"
"1304",2,"All clusters"
"1305",3,"All clusters"
"1306",3,"All clusters"
"1307",3,"All clusters"
"1308",3,"All clusters"
"1309",4,"All clusters"
"1310",4,"All clusters"
"1311",2,"All clusters"
"1312",3,"All clusters"
"1313",2,"All clusters"
"1314",5,"All clusters"
"1315",2,"All clusters"
"1316",3,"All clusters"
"1317",5,"All clusters"
"1318",3,"All clusters"
"1319",5,"All clusters"
"1320",2,"All clusters"
"1321",3,"All clusters"
"1322",2,"All clusters"
"1323",2,"All clusters"
"1324",3,"All clusters"
"1325",5,"All clusters"
"1326",2,"All clusters"
"1327",2,"All clusters"
"1328",4,"All clusters"
"1329",2,"All clusters"
"1330",2,"All clusters"
"1331",4,"All clusters"
"1332",5,"All clusters"
"1333",2,"All clusters"
"1334",2,"All clusters"
"1335",2,"All clusters"
"1336",4,"All clusters"
"1337",4,"All clusters"
"1338",2,"All clusters"
"1339",4,"All clusters"
"1340",2,"All clusters"
"1341",5,"All clusters"
"1342",2,"All clusters"
"1343",3,"All clusters"
"1344",2,"All clusters"
"1345",5,"All clusters"
"1346",8,"All clusters"
"1347",2,"All clusters"
"1348",2,"All clusters"
"1349",3,"All clusters"
"1350",2,"All clusters"
"1351",3,"All clusters"
"1352",2,"All clusters"
"1353",2,"All clusters"
"1354",2,"All clusters"
"1355",3,"All clusters"
"1356",2,"All clusters"
"1357",2,"All clusters"
"1358",6,"All clusters"
"1359",5,"All clusters"
"1360",4,"All clusters"
"1361",3,"All clusters"
"1362",2,"All clusters"
"1363",7,"All clusters"
"1364",4,"All clusters"
"1365",2,"All clusters"
"1366",3,"All clusters"
"1367",2,"All clusters"
"1368",4,"All clusters"
"1369",4,"All clusters"
"1370",2,"All clusters"
"1371",3,"All clusters"
"1372",3,"All clusters"
"1373",2,"All clusters"
"1374",3,"All clusters"
"1375",3,"All clusters"
"1376",2,"All clusters"
"1377",2,"All clusters"
"1378",3,"All clusters"
"1379",2,"All clusters"
"1380",2,"All clusters"
"1381",2,"All clusters"
"1382",4,"All clusters"
"1383",2,"All clusters"
"1384",2,"All clusters"
"1385",2,"All clusters"
"1386",2,"All clusters"
"1387",4,"All clusters"
"1388",4,"All clusters"
"1389",2,"All clusters"
"1390",2,"All clusters"
"1391",2,"All clusters"
"1392",3,"All clusters"
"1393",2,"All clusters"
"1394",3,"All clusters"
"1395",2,"All clusters"
"1396",3,"All clusters"
"1397",2,"All clusters"
"1398",4,"All clusters"
"1399",2,"All clusters"
"1400",2,"All clusters"
"1401",4,"All clusters"
"1402",5,"All clusters"
"1403",4,"All clusters"
"1404",2,"All clusters"
"1405",3,"All clusters"
"1406",2,"All clusters"
"1407",2,"All clusters"
"1408",2,"All clusters"
"1409",2,"All clusters"
"1410",2,"All clusters"
"1411",2,"All clusters"
"1412",3,"All clusters"
"1413",2,"All clusters"
"1414",2,"All clusters"
"1415",2,"All clusters"
"1416",2,"All clusters"
"1417",4,"All clusters"
"1418",2,"All clusters"
"1419",2,"All clusters"
"1420",2,"All clusters"
"1421",3,"All clusters"
"1422",2,"All clusters"
"1423",2,"All clusters"
"1424",2,"All clusters"
"1425",2,"All clusters"
"1426",3,"All clusters"
"1427",2,"All clusters"
"1428",2,"All clusters"
"1429",2,"All clusters"
"1430",4,"All clusters"
"1431",4,"All clusters"
"1432",3,"All clusters"
"1433",2,"All clusters"
"1434",5,"All clusters"
"1435",2,"All clusters"
"1436",3,"All clusters"
"1437",4,"All clusters"
"1438",2,"All clusters"
"1439",3,"All clusters"
"1440",2,"All clusters"
"1441",3,"All clusters"
"1442",2,"All clusters"
"1443",3,"All clusters"
"1444",3,"All clusters"
"1445",4,"All clusters"
"1446",4,"All clusters"
"1447",2,"All clusters"
"1448",2,"All clusters"
"1449",2,"All clusters"
"1450",3,"All clusters"
"1451",2,"All clusters"
"1452",3,"All clusters"
"1453",3,"All clusters"
"1454",2,"All clusters"
"1455",2,"All clusters"
"1456",3,"All clusters"
"1457",4,"All clusters"
"1458",2,"All clusters"
"1459",5,"All clusters"
"1460",2,"All clusters"
"1461",3,"All clusters"
"1462",2,"All clusters"
"1463",2,"All clusters"
"1464",5,"All clusters"
"1465",2,"All clusters"
"1466",2,"All clusters"
"1467",3,"All clusters"
"1468",3,"All clusters"
"1469",2,"All clusters"
"1470",2,"All clusters"
"1471",2,"All clusters"
"1472",2,"All clusters"
"1473",3,"All clusters"
"1474",2,"All clusters"
"1475",3,"All clusters"
"1476",2,"All clusters"
"1477",2,"All clusters"
"1478",2,"All clusters"
"1479",5,"All clusters"
"1480",2,"All clusters"
"1481",2,"All clusters"
"1482",3,"All clusters"
"1483",2,"All clusters"
"1484",3,"All clusters"
"1485",3,"All clusters"
"1486",2,"All clusters"
"1487",2,"All clusters"
"1488",3,"All clusters"
"1489",2,"All clusters"
"1490",2,"All clusters"
"1491",2,"All clusters"
"1492",3,"All clusters"
"1493",3,"All clusters"
"1494",3,"All clusters"
"1495",2,"All clusters"
"1496",4,"All clusters"
"1497",2,"All clusters"
"1498",2,"All clusters"
"1499",2,"All clusters"
"1500",3,"All clusters"
"1501",2,"All clusters"
"1502",2,"All clusters"
"1503",3,"All clusters"
"1504",2,"All clusters"
"1505",7,"All clusters"
"1506",3,"All clusters"
"1507",2,"All clusters"
"1508",2,"All clusters"
"1509",2,"All clusters"
"1510",2,"All clusters"
"1511",2,"All clusters"
"1512",2,"All clusters"
"1513",2,"All clusters"
"1514",2,"All clusters"
"1515",2,"All clusters"
"1516",3,"All clusters"
"1517",4,"All clusters"
"1518",2,"All clusters"
"1519",2,"All clusters"
"1520",2,"All clusters"
"1521",2,"All clusters"
"1522",2,"All clusters"
"1523",3,"All clusters"
"1524",3,"All clusters"
"1525",2,"All clusters"
"1526",3,"All clusters"
"1527",4,"All clusters"
"1528",2,"All clusters"
"1529",5,"All clusters"
"1530",2,"All clusters"
"1531",2,"All clusters"
"1532",2,"All clusters"
"1533",2,"All clusters"
"1534",2,"All clusters"
"1535",2,"All clusters"
"1536",3,"All clusters"
"1537",2,"All clusters"
"1538",3,"All clusters"
"1539",3,"All clusters"
"1540",2,"All clusters"
"1541",2,"All clusters"
"1542",3,"All clusters"
"1543",2,"All clusters"
"1544",5,"All clusters"
"1545",2,"All clusters"
"1546",3,"All clusters"
"1547",2,"All clusters"
"1548",3,"All clusters"
"1549",2,"All clusters"
"1550",4,"All clusters"
"1551",14,"All clusters"
"1552",3,"All clusters"
"1553",4,"All clusters"
"1554",2,"All clusters"
"1555",11,"All clusters"
"1556",2,"All clusters"
"1557",2,"All clusters"
"1558",4,"All clusters"
"1559",2,"All clusters"
"1560",3,"All clusters"
"1561",2,"All clusters"
"1562",8,"All clusters"
"1563",4,"All clusters"
"1564",4,"All clusters"
"1565",5,"All clusters"
"1566",4,"All clusters"
"1567",3,"All clusters"
"1568",2,"All clusters"
"1569",2,"All clusters"
"1570",15,"All clusters"
"1571",3,"All clusters"
"1572",3,"All clusters"
"1573",3,"All clusters"
"1574",2,"All clusters"
"1575",2,"All clusters"
"1576",2,"All clusters"
"1577",2,"All clusters"
"1578",2,"All clusters"
"1579",6,"All clusters"
"1580",2,"All clusters"
"1581",3,"All clusters"
"1582",4,"All clusters"
"1583",3,"All clusters"
"1584",2,"All clusters"
"1585",3,"All clusters"
"1586",2,"All clusters"
"1587",3,"All clusters"
"1588",2,"All clusters"
"1589",2,"All clusters"
"1590",2,"All clusters"
"1591",3,"All clusters"
"1592",2,"All clusters"
"1593",2,"All clusters"
"1594",6,"All clusters"
"1595",2,"All clusters"
"1596",3,"All clusters"
"1597",4,"All clusters"
"1598",2,"All clusters"
"1599",3,"All clusters"
"1600",5,"All clusters"
"1601",2,"All clusters"
"1602",2,"All clusters"
"1603",6,"All clusters"
"1604",2,"All clusters"
"1605",5,"All clusters"
"1606",2,"All clusters"
"1607",3,"All clusters"
"1608",2,"All clusters"
"1609",3,"All clusters"
"1610",2,"All clusters"
"1611",4,"All clusters"
"1612",4,"All clusters"
"1613",2,"All clusters"
"1614",2,"All clusters"
"1615",3,"All clusters"
"1616",3,"All clusters"
"1617",2,"All clusters"
"1618",5,"All clusters"
"1619",5,"All clusters"
"1620",2,"All clusters"
"1621",2,"All clusters"
"1622",2,"All clusters"
"1623",2,"All clusters"
"1624",4,"All clusters"
"1625",3,"All clusters"
"1626",3,"All clusters"
"1627",4,"All clusters"
"1628",2,"All clusters"
"1629",5,"All clusters"
"1630",4,"All clusters"
"1631",2,"All clusters"
"1632",4,"All clusters"
"1633",3,"All clusters"
"1634",2,"All clusters"
"1635",3,"All clusters"
"1636",2,"All clusters"
"1637",2,"All clusters"
"1638",3,"All clusters"
"1639",2,"All clusters"
"1640",2,"All clusters"
"1641",2,"All clusters"
"1642",6,"All clusters"
"1643",2,"All clusters"
"1644",2,"All clusters"
"1645",3,"All clusters"
"1646",3,"All clusters"
"1647",4,"All clusters"
"1648",2,"All clusters"
"1649",3,"All clusters"
"1650",2,"All clusters"
"1651",2,"All clusters"
"1652",2,"All clusters"
"1653",3,"All clusters"
"1654",2,"All clusters"
"1655",2,"All clusters"
"1656",3,"All clusters"
"1657",6,"All clusters"
"1658",5,"All clusters"
"1659",2,"All clusters"
"1660",3,"All clusters"
"1661",3,"All clusters"
"1662",2,"All clusters"
"1663",5,"All clusters"
"1664",5,"All clusters"
"1665",4,"All clusters"
"1666",3,"All clusters"
"1667",2,"All clusters"
"1668",3,"All clusters"
"1669",4,"All clusters"
"1670",3,"All clusters"
"1671",2,"All clusters"
"1672",2,"All clusters"
"1673",2,"All clusters"
"1674",2,"All clusters"
"1675",3,"All clusters"
"1676",5,"All clusters"
"1677",2,"All clusters"
"1678",2,"All clusters"
"1679",2,"All clusters"
"1680",2,"All clusters"
"1681",2,"All clusters"
"1682",2,"All clusters"
"1683",3,"All clusters"
"1684",2,"All clusters"
"1685",2,"All clusters"
"1686",2,"All clusters"
"1687",2,"All clusters"
"1688",2,"All clusters"
"1689",2,"All clusters"
"1690",4,"All clusters"
"1691",2,"All clusters"
"1692",3,"All clusters"
"1693",4,"All clusters"
"1694",4,"All clusters"
"1695",3,"All clusters"
"1696",2,"All clusters"
"1697",2,"All clusters"
"1698",4,"All clusters"
"1699",2,"All clusters"
"1700",3,"All clusters"
"1701",2,"All clusters"
"1702",2,"All clusters"
"1703",2,"All clusters"
"1704",2,"All clusters"
"1705",2,"All clusters"
"1706",2,"All clusters"
"1707",3,"All clusters"
"1708",3,"All clusters"
"1709",3,"All clusters"
"1710",2,"All clusters"
"1711",2,"All clusters"
"1712",3,"All clusters"
"1713",3,"All clusters"
"1714",3,"All clusters"
"1715",2,"All clusters"
"1716",2,"All clusters"
"1717",2,"All clusters"
"1718",2,"All clusters"
"1719",2,"All clusters"
"1720",2,"All clusters"
"1721",3,"All clusters"
"1722",2,"All clusters"
"1723",3,"All clusters"
"1724",3,"All clusters"
"1725",4,"All clusters"
"1726",2,"All clusters"
"1727",2,"All clusters"
"1728",2,"All clusters"
"1729",2,"All clusters"
"1730",2,"All clusters"
"1731",2,"All clusters"
"1732",2,"All clusters"
"1733",3,"All clusters"
"1734",2,"All clusters"
"1735",2,"All clusters"
"1736",2,"All clusters"
"1737",2,"All clusters"
"1738",2,"All clusters"
"1739",2,"All clusters"
"1740",2,"All clusters"
"1741",2,"All clusters"
"1742",2,"All clusters"
"1743",3,"All clusters"
"1744",3,"All clusters"
"1745",3,"All clusters"
"1746",2,"All clusters"
"1747",3,"All clusters"
"1748",3,"All clusters"
"1749",2,"All clusters"
"1750",2,"All clusters"
"1751",3,"All clusters"
"1752",3,"All clusters"
"1753",4,"All clusters"
"1754",2,"All clusters"
"1755",2,"All clusters"
"1756",2,"All clusters"
"1757",3,"All clusters"
"1758",2,"All clusters"
"1759",2,"All clusters"
"1760",2,"All clusters"
"1761",2,"All clusters"
"1762",2,"All clusters"
"1763",6,"All clusters"
"1764",4,"All clusters"
"1765",2,"All clusters"
"1766",2,"All clusters"
"1767",3,"All clusters"
"1768",2,"All clusters"
"1769",2,"All clusters"
"1770",3,"All clusters"
"1771",2,"All clusters"
"1772",2,"All clusters"
"1773",2,"All clusters"
"1774",2,"All clusters"
"1775",5,"All clusters"
"1776",2,"All clusters"
"1777",44,"All clusters"
"1778",6,"All clusters"
"1779",10,"All clusters"
"1780",40,"All clusters"
"1781",2,"All clusters"
"1782",14,"All clusters"
"1783",6,"All clusters"
"1784",24,"All clusters"
"1785",4,"All clusters"
"1786",2,"All clusters"
"1787",2,"All clusters"
"1788",3,"All clusters"
"1789",2,"All clusters"
"1790",4,"All clusters"
"1791",4,"All clusters"
"1792",21,"All clusters"
"1793",19,"All clusters"
"1794",60,"All clusters"
"1795",3,"All clusters"
"1796",2,"All clusters"
"1797",6,"All clusters"
"1798",3,"All clusters"
"1799",3,"All clusters"
"1800",11,"All clusters"
"1801",2,"All clusters"
"1802",4,"All clusters"
"1803",5,"All clusters"
"1804",2,"All clusters"
"1805",2,"All clusters"
"1806",2,"All clusters"
"1807",3,"All clusters"
"1808",2,"All clusters"
"1809",2,"All clusters"
"1810",2,"All clusters"
"1811",2,"All clusters"
"1812",2,"All clusters"
"1813",2,"All clusters"
"1814",2,"All clusters"
"1815",5,"All clusters"
"1816",3,"All clusters"
"1817",4,"All clusters"
"1818",5,"All clusters"
"1819",3,"All clusters"
"1820",3,"All clusters"
"1821",2,"All clusters"
"1822",4,"All clusters"
"1823",2,"All clusters"
"1824",2,"All clusters"
"1825",2,"All clusters"
"1826",2,"All clusters"
"1827",2,"All clusters"
"1828",8,"All clusters"
"1829",2,"All clusters"
"1830",2,"All clusters"
"1831",6,"All clusters"
"1832",3,"All clusters"
"1833",2,"All clusters"
"1834",4,"All clusters"
"1835",2,"All clusters"
"1836",2,"All clusters"
"1837",2,"All clusters"
"1838",2,"All clusters"
"1839",2,"All clusters"
"1840",3,"All clusters"
"1841",3,"All clusters"
"1842",2,"All clusters"
"1843",4,"All clusters"
"1844",2,"All clusters"
"1845",2,"All clusters"
"1846",2,"All clusters"
"1847",3,"All clusters"
"1848",2,"All clusters"
"1849",6,"All clusters"
"1850",2,"All clusters"
"1851",3,"All clusters"
"1852",2,"All clusters"
"1853",2,"All clusters"
"1854",3,"All clusters"
"1855",5,"All clusters"
"1856",2,"All clusters"
"1857",3,"All clusters"
"1858",2,"All clusters"
"1859",2,"All clusters"
"1860",3,"All clusters"
"1861",2,"All clusters"
"1862",2,"All clusters"
"1863",3,"All clusters"
"1864",3,"All clusters"
"1865",2,"All clusters"
"1866",2,"All clusters"
"1867",2,"All clusters"
"1868",2,"All clusters"
"1869",2,"All clusters"
"1870",3,"All clusters"
"1871",2,"All clusters"
"1872",4,"All clusters"
"1873",2,"All clusters"
"1874",2,"All clusters"
"1875",2,"All clusters"
"1876",2,"All clusters"
"1877",4,"All clusters"
"1878",2,"All clusters"
"1879",2,"All clusters"
"1880",3,"All clusters"
"1881",2,"All clusters"
"1882",5,"All clusters"
"1883",4,"All clusters"
"1884",3,"All clusters"
"1885",2,"All clusters"
"1886",2,"All clusters"
"1887",2,"All clusters"
"1888",2,"All clusters"
"1889",2,"All clusters"
"1890",3,"All clusters"
"1891",2,"All clusters"
"1892",2,"All clusters"
"1893",2,"All clusters"
"1894",3,"All clusters"
"1895",14,"All clusters"
"1896",18,"All clusters"
"1897",5,"All clusters"
"1898",12,"All clusters"
"1899",2,"All clusters"
"1900",2,"All clusters"
"1901",3,"All clusters"
"1902",4,"All clusters"
"1903",9,"All clusters"
"1904",11,"All clusters"
"1905",7,"All clusters"
"1906",6,"All clusters"
"1907",2,"All clusters"
"1908",23,"All clusters"
"1909",9,"All clusters"
"1910",4,"All clusters"
"1911",3,"All clusters"
"1912",7,"All clusters"
"1913",32,"All clusters"
"1914",8,"All clusters"
"1915",18,"All clusters"
"1916",8,"All clusters"
"1917",5,"All clusters"
"1918",2,"All clusters"
"1919",2,"All clusters"
"1920",5,"All clusters"
"1921",3,"All clusters"
"1922",2,"All clusters"
"1923",2,"All clusters"
"1924",2,"All clusters"
"1925",2,"All clusters"
"1926",3,"All clusters"
"1927",2,"All clusters"
"1928",4,"All clusters"
"1929",2,"All clusters"
"1930",2,"All clusters"
"1931",2,"All clusters"
"1932",2,"All clusters"
"1933",5,"All clusters"
"1934",3,"All clusters"
"1935",2,"All clusters"
"1936",2,"All clusters"
"1937",2,"All clusters"
"1938",7,"All clusters"
"1939",2,"All clusters"
"1940",2,"All clusters"
"1941",2,"All clusters"
"1942",2,"All clusters"
"1943",4,"All clusters"
"1944",4,"All clusters"
"1945",3,"All clusters"
"1946",2,"All clusters"
"1947",3,"All clusters"
"1948",4,"All clusters"
"1949",2,"All clusters"
"1950",2,"All clusters"
"1951",2,"All clusters"
"1952",2,"All clusters"
"1953",2,"All clusters"
"1954",2,"All clusters"
"1955",2,"All clusters"
"1956",3,"All clusters"
"1957",2,"All clusters"
"1958",2,"All clusters"
"1959",2,"All clusters"
"1960",2,"All clusters"
"1961",2,"All clusters"
"1962",5,"All clusters"
"1963",2,"All clusters"
"1964",2,"All clusters"
"1965",2,"All clusters"
"1966",2,"All clusters"
"1967",2,"All clusters"
"1968",2,"All clusters"
"1969",2,"All clusters"
"1970",3,"All clusters"
"1971",2,"All clusters"
"1972",2,"All clusters"
"1973",10,"All clusters"
"1974",2,"All clusters"
"1975",28,"All clusters"
"1976",5,"All clusters"
"1977",2,"All clusters"
"1978",4,"All clusters"
"1979",2,"All clusters"
"1980",5,"All clusters"
"1981",3,"All clusters"
"1982",4,"All clusters"
"1983",2,"All clusters"
"1984",17,"All clusters"
"1985",21,"All clusters"
"1986",4,"All clusters"
"1987",2,"All clusters"
"1988",2,"All clusters"
"1989",7,"All clusters"
"1990",7,"All clusters"
"1991",2,"All clusters"
"1992",2,"All clusters"
"1993",2,"All clusters"
"1994",2,"All clusters"
"1995",2,"All clusters"
"1996",2,"All clusters"
"1997",2,"All clusters"
"1998",5,"All clusters"
"1999",2,"All clusters"
"2000",7,"All clusters"
"2001",3,"All clusters"
"2002",2,"All clusters"
"2003",3,"All clusters"
"2004",2,"All clusters"
"2005",3,"All clusters"
"2006",5,"All clusters"
"2007",4,"All clusters"
"2008",3,"All clusters"
"2009",4,"All clusters"
"2010",2,"All clusters"
"2011",63,"All clusters"
"2012",37,"All clusters"
"2013",21,"All clusters"
"2014",20,"All clusters"
"2015",16,"All clusters"
"2016",16,"All clusters"
"2017",12,"All clusters"
"2018",10,"All clusters"
"2019",10,"All clusters"
"2020",8,"All clusters"
"2021",7,"All clusters"
"2022",5,"All clusters"
"2023",5,"All clusters"
"2024",5,"All clusters"
"2025",4,"All clusters"
"2026",4,"All clusters"
"2027",4,"All clusters"
"2028",4,"All clusters"
"2029",4,"All clusters"
"2030",3,"All clusters"
"2031",3,"All clusters"
"2032",3,"All clusters"
"2033",3,"All clusters"
"2034",3,"All clusters"
"2035",3,"All clusters"
"2036",3,"All clusters"
"2037",3,"All clusters"
"2038",3,"All clusters"
"2039",3,"All clusters"
"2040",3,"All clusters"
"2041",3,"All clusters"
"2042",3,"All clusters"
"2043",3,"All clusters"
"2044",3,"All clusters"
"2045",3,"All clusters"
"2046",3,"All clusters"
"2047",3,"All clusters"
"2048",2,"All clusters"
"2049",2,"All clusters"
"2050",2,"All clusters"
"2051",2,"All clusters"
"2052",2,"All clusters"
"2053",2,"All clusters"
"2054",2,"All clusters"
"2055",2,"All clusters"
"2056",2,"All clusters"
"2057",2,"All clusters"
"2058",2,"All clusters"
"2059",2,"All clusters"
"2060",2,"All clusters"
"2061",2,"All clusters"
"2062",2,"All clusters"
"2063",2,"All clusters"
"2064",2,"All clusters"
"2065",2,"All clusters"
"2066",2,"All clusters"
"2067",2,"All clusters"
"2068",2,"All clusters"
"2069",2,"All clusters"
"2070",2,"All clusters"
"2071",2,"All clusters"
"2072",2,"All clusters"
"2073",2,"All clusters"
"2074",2,"All clusters"
"2075",2,"All clusters"
"2076",2,"All clusters"
"2077",2,"All clusters"
"2078",2,"All clusters"
"2079",3,"All clusters"
"2080",3,"All clusters"
"2081",3,"All clusters"
"2082",3,"All clusters"
"2083",3,"All clusters"
"2084",2,"All clusters"
"2085",2,"All clusters"
"2086",2,"All clusters"
"2087",2,"All clusters"
"2088",7,"All clusters"
"2089",6,"All clusters"
"2090",6,"All clusters"
"2091",5,"All clusters"
"2092",5,"All clusters"
"2093",4,"All clusters"
"2094",4,"All clusters"
"2095",4,"All clusters"
"2096",4,"All clusters"
"2097",4,"All clusters"
"2098",4,"All clusters"
"2099",4,"All clusters"
"2100",4,"All clusters"
"2101",4,"All clusters"
"2102",3,"All clusters"
"2103",3,"All clusters"
"2104",3,"All clusters"
"2105",3,"All clusters"
"2106",3,"All clusters"
"2107",3,"All clusters"
"2108",3,"All clusters"
"2109",3,"All clusters"
"2110",3,"All clusters"
"2111",3,"All clusters"
"2112",3,"All clusters"
"2113",3,"All clusters"
"2114",3,"All clusters"
"2115",3,"All clusters"
"2116",3,"All clusters"
"2117",2,"All clusters"
"2118",2,"All clusters"
"2119",2,"All clusters"
"2120",2,"All clusters"
"2121",2,"All clusters"
"2122",2,"All clusters"
"2123",2,"All clusters"
"2124",2,"All clusters"
"2125",2,"All clusters"
"2126",2,"All clusters"
"2127",2,"All clusters"
"2128",2,"All clusters"
"2129",2,"All clusters"
"2130",2,"All clusters"
"2131",2,"All clusters"
"2132",2,"All clusters"
"2133",2,"All clusters"
"2134",2,"All clusters"
"2135",2,"All clusters"
"2136",2,"All clusters"
"2137",2,"All clusters"
"2138",2,"All clusters"
"2139",2,"All clusters"
"2140",2,"All clusters"
"2141",2,"All clusters"
"2142",2,"All clusters"
"2143",2,"All clusters"
"2144",2,"All clusters"
"2145",2,"All clusters"
"2146",2,"All clusters"
"2147",2,"All clusters"
"2148",2,"All clusters"
"2149",2,"All clusters"
"2150",2,"All clusters"
"2151",2,"All clusters"
"2152",2,"All clusters"
"2153",2,"All clusters"
"2154",2,"All clusters"
"2155",2,"All clusters"
"2156",2,"All clusters"
"2157",2,"All clusters"
"2158",2,"All clusters"
"2159",2,"All clusters"
"2160",2,"All clusters"
"2161",2,"All clusters"
"2162",2,"All clusters"
"2163",2,"All clusters"
"2164",395,"All clusters"
"2165",102,"All clusters"
"2166",72,"All clusters"
"2167",14,"All clusters"
"2168",9,"All clusters"
"2169",8,"All clusters"
"2170",7,"All clusters"
"2171",7,"All clusters"
"2172",6,"All clusters"
"2173",6,"All clusters"
"2174",5,"All clusters"
"2175",5,"All clusters"
"2176",5,"All clusters"
"2177",4,"All clusters"
"2178",4,"All clusters"
"2179",3,"All clusters"
"2180",3,"All clusters"
"2181",3,"All clusters"
"2182",2,"All clusters"
"2183",2,"All clusters"
"2184",2,"All clusters"
"2185",2,"All clusters"
"2186",2,"All clusters"
"2187",2,"All clusters"
"2188",2,"All clusters"
"2189",2,"All clusters"
"2190",2,"All clusters"
"2191",2,"All clusters"
"2192",2,"All clusters"
"2193",2,"All clusters"
"2194",2,"All clusters"
"2195",2,"All clusters"
"2196",2,"All clusters"
"2197",46,"All clusters"
"2198",15,"All clusters"
"2199",4,"All clusters"
"2200",4,"All clusters"
"2201",3,"All clusters"
"2202",3,"All clusters"
"2203",3,"All clusters"
"2204",3,"All clusters"
"2205",3,"All clusters"
"2206",2,"All clusters"
"2207",2,"All clusters"
"2208",2,"All clusters"
"2209",2,"All clusters"
"2210",2,"All clusters"
"2211",2,"All clusters"
"2212",2,"All clusters"
"2213",2,"All clusters"
"2214",3,"All clusters"
"2215",1,"All clusters"
"2216",1,"All clusters"
"2217",1,"All clusters"
"2218",1,"All clusters"
"2219",1,"All clusters"
"2220",1,"All clusters"
"2221",1,"All clusters"
"2222",1,"All clusters"
"2223",1,"All clusters"
"2224",1,"All clusters"
"2225",1,"All clusters"
"2226",1,"All clusters"
"2227",1,"All clusters"
"2228",1,"All clusters"
"2229",1,"All clusters"
"2230",1,"All clusters"
"2231",1,"All clusters"
"2232",1,"All clusters"
"2233",1,"All clusters"
"2234",1,"All clusters"
"2235",1,"All clusters"
"2236",1,"All clusters"
"2237",1,"All clusters"
"2238",1,"All clusters"
"2239",1,"All clusters"
"2240",1,"All clusters"
"2241",1,"All clusters"
"2242",1,"All clusters"
"2243",1,"All clusters"
"2244",1,"All clusters"
"2245",1,"All clusters"
"2246",1,"All clusters"
"2247",1,"All clusters"
"2248",1,"All clusters"
"2249",1,"All clusters"
"2250",1,"All clusters"
"2251",1,"All clusters"
"2252",1,"All clusters"
"2253",1,"All clusters"
"2254",1,"All clusters"
"2255",1,"All clusters"
"2256",1,"All clusters"
"2257",1,"All clusters"
"2258",1,"All clusters"
"2259",1,"All clusters"
"2260",1,"All clusters"
"2261",1,"All clusters"
"2262",1,"All clusters"
"2263",1,"All clusters"
"2264",1,"All clusters"
"2265",1,"All clusters"
"2266",1,"All clusters"
"2267",1,"All clusters"
"2268",1,"All clusters"
"2269",1,"All clusters"
"2270",1,"All clusters"
"2271",1,"All clusters"
"2272",1,"All clusters"
"2273",1,"All clusters"
"2274",1,"All clusters"
"2275",1,"All clusters"
"2276",1,"All clusters"
"2277",1,"All clusters"
"2278",1,"All clusters"
"2279",1,"All clusters"
"2280",1,"All clusters"
"2281",1,"All clusters"
"2282",1,"All clusters"
"2283",1,"All clusters"
"2284",1,"All clusters"
"2285",1,"All clusters"
"2286",1,"All clusters"
"2287",1,"All clusters"
"2288",1,"All clusters"
"2289",1,"All clusters"
"2290",1,"All clusters"
"2291",1,"All clusters"
"2292",1,"All clusters"
"2293",1,"All clusters"
"2294",1,"All clusters"
"2295",1,"All clusters"
"2296",1,"All clusters"
"2297",1,"All clusters"
"2298",1,"All clusters"
"2299",1,"All clusters"
"2300",1,"All clusters"
"2301",1,"All clusters"
"2302",1,"All clusters"
"2303",1,"All clusters"
"2304",1,"All clusters"
"2305",1,"All clusters"
"2306",1,"All clusters"
"2307",1,"All clusters"
"2308",1,"All clusters"
"2309",1,"All clusters"
"2310",1,"All clusters"
"2311",1,"All clusters"
"2312",1,"All clusters"
"2313",1,"All clusters"
"2314",1,"All clusters"
"2315",1,"All clusters"
"2316",1,"All clusters"
"2317",1,"All clusters"
"2318",1,"All clusters"
"2319",1,"All clusters"
"2320",1,"All clusters"
"2321",1,"All clusters"
"2322",1,"All clusters"
"2323",1,"All clusters"
"2324",1,"All clusters"
"2325",1,"All clusters"
"2326",1,"All clusters"
"2327",1,"All clusters"
"2328",1,"All clusters"
"2329",1,"All clusters"
"2330",1,"All clusters"
"2331",1,"All clusters"
"2332",1,"All clusters"
"2333",1,"All clusters"
"2334",1,"All clusters"
"2335",1,"All clusters"
"2336",1,"All clusters"
"2337",1,"All clusters"
"2338",1,"All clusters"
"2339",1,"All clusters"
"2340",1,"All clusters"
"2341",1,"All clusters"
"2342",1,"All clusters"
"2343",1,"All clusters"
"2344",1,"All clusters"
"2345",1,"All clusters"
"2346",1,"All clusters"
"2347",1,"All clusters"
"2348",1,"All clusters"
"2349",1,"All clusters"
"2350",1,"All clusters"
"2351",1,"All clusters"
"2352",1,"All clusters"
"2353",1,"All clusters"
"2354",1,"All clusters"
"2355",1,"All clusters"
"2356",1,"All clusters"
"2357",1,"All clusters"
"2358",1,"All clusters"
"2359",1,"All clusters"
"2360",1,"All clusters"
"2361",1,"All clusters"
"2362",1,"All clusters"
"2363",1,"All clusters"
"2364",1,"All clusters"
"2365",1,"All clusters"
"2366",1,"All clusters"
"2367",1,"All clusters"
"2368",1,"All clusters"
"2369",1,"All clusters"
"2370",1,"All clusters"
"2371",1,"All clusters"
"2372",1,"All clusters"
"2373",1,"All clusters"
"2374",1,"All clusters"
"2375",1,"All clusters"
"2376",1,"All clusters"
"2377",1,"All clusters"
"2378",1,"All clusters"
"2379",1,"All clusters"
"2380",1,"All clusters"
"2381",1,"All clusters"
"2382",1,"All clusters"
"2383",1,"All clusters"
"2384",1,"All clusters"
"2385",1,"All clusters"
"2386",1,"All clusters"
"2387",1,"All clusters"
"2388",1,"All clusters"
"2389",1,"All clusters"
"2390",1,"All clusters"
"2391",1,"All clusters"
"2392",1,"All clusters"
"2393",1,"All clusters"
"2394",1,"All clusters"
"2395",1,"All clusters"
"2396",1,"All clusters"
"2397",1,"All clusters"
"2398",1,"All clusters"
"2399",1,"All clusters"
"2400",1,"All clusters"
"2401",1,"All clusters"
"2402",1,"All clusters"
"2403",1,"All clusters"
"2404",1,"All clusters"
"2405",1,"All clusters"
"2406",1,"All clusters"
"2407",1,"All clusters"
"2408",1,"All clusters"
"2409",1,"All clusters"
"2410",1,"All clusters"
"2411",1,"All clusters"
"2412",1,"All clusters"
"2413",1,"All clusters"
"2414",1,"All clusters"
"2415",1,"All clusters"
"2416",1,"All clusters"
"2417",1,"All clusters"
"2418",1,"All clusters"
"2419",1,"All clusters"
"2420",1,"All clusters"
"2421",1,"All clusters"
"2422",1,"All clusters"
"2423",1,"All clusters"
"2424",1,"All clusters"
"2425",1,"All clusters"
"2426",1,"All clusters"
"2427",1,"All clusters"
"2428",1,"All clusters"
"2429",1,"All clusters"
"2430",1,"All clusters"
"2431",1,"All clusters"
"2432",1,"All clusters"
"2433",1,"All clusters"
"2434",1,"All clusters"
"2435",1,"All clusters"
"2436",1,"All clusters"
"2437",1,"All clusters"
"2438",1,"All clusters"
"2439",1,"All clusters"
"2440",1,"All clusters"
"2441",1,"All clusters"
"2442",1,"All clusters"
"2443",1,"All clusters"
"2444",1,"All clusters"
"2445",1,"All clusters"
"2446",1,"All clusters"
"2447",1,"All clusters"
"2448",1,"All clusters"
"2449",1,"All clusters"
"2450",1,"All clusters"
"2451",1,"All clusters"
"2452",1,"All clusters"
"2453",1,"All clusters"
"2454",1,"All clusters"
"2455",1,"All clusters"
"2456",1,"All clusters"
"2457",1,"All clusters"
"2458",1,"All clusters"
"2459",1,"All clusters"
"2460",1,"All clusters"
"2461",1,"All clusters"
"2462",1,"All clusters"
"2463",1,"All clusters"
"2464",1,"All clusters"
"2465",1,"All clusters"
"2466",1,"All clusters"
"2467",1,"All clusters"
"2468",1,"All clusters"
"2469",1,"All clusters"
"2470",1,"All clusters"
"2471",1,"All clusters"
"2472",1,"All clusters"
"2473",1,"All clusters"
"2474",1,"All clusters"
"2475",1,"All clusters"
"2476",1,"All clusters"
"2477",1,"All clusters"
"2478",1,"All clusters"
"2479",1,"All clusters"
"2480",1,"All clusters"
"2481",1,"All clusters"
"2482",1,"All clusters"
"2483",1,"All clusters"
"2484",1,"All clusters"
"2485",1,"All clusters"
"2486",1,"All clusters"
"2487",1,"All clusters"
"2488",1,"All clusters"
"2489",1,"All clusters"
"2490",1,"All clusters"
"2491",1,"All clusters"
"2492",1,"All clusters"
"2493",1,"All clusters"
"2494",1,"All clusters"
"2495",1,"All clusters"
"2496",1,"All clusters"
"2497",1,"All clusters"
"2498",1,"All clusters"
"2499",1,"All clusters"
"2500",1,"All clusters"
"2501",1,"All clusters"
"2502",1,"All clusters"
"2503",1,"All clusters"
"2504",1,"All clusters"
"2505",1,"All clusters"
"2506",1,"All clusters"
"2507",1,"All clusters"
"2508",1,"All clusters"
"2509",1,"All clusters"
"2510",1,"All clusters"
"2511",1,"All clusters"
"2512",1,"All clusters"
"2513",1,"All clusters"
"2514",1,"All clusters"
"2515",1,"All clusters"
"2516",1,"All clusters"
"2517",1,"All clusters"
"2518",1,"All clusters"
"2519",1,"All clusters"
"2520",1,"All clusters"
"2521",1,"All clusters"
"2522",1,"All clusters"
"2523",1,"All clusters"
"2524",1,"All clusters"
"2525",1,"All clusters"
"2526",1,"All clusters"
"2527",1,"All clusters"
"2528",1,"All clusters"
"2529",1,"All clusters"
"2530",1,"All clusters"
"2531",1,"All clusters"
"2532",1,"All clusters"
"2533",1,"All clusters"
"2534",1,"All clusters"
"2535",1,"All clusters"
"2536",1,"All clusters"
"2537",1,"All clusters"
"2538",1,"All clusters"
"2539",1,"All clusters"
"2540",1,"All clusters"
"2541",1,"All clusters"
"2542",1,"All clusters"
"2543",1,"All clusters"
"2544",1,"All clusters"
"2545",1,"All clusters"
"2546",1,"All clusters"
"2547",1,"All clusters"
"2548",1,"All clusters"
"2549",1,"All clusters"
"2550",1,"All clusters"
"2551",1,"All clusters"
"2552",1,"All clusters"
"2553",1,"All clusters"
"2554",1,"All clusters"
"2555",1,"All clusters"
"2556",1,"All clusters"
"2557",1,"All clusters"
"2558",1,"All clusters"
"2559",1,"All clusters"
"2560",1,"All clusters"
"2561",1,"All clusters"
"2562",1,"All clusters"
"2563",1,"All clusters"
"2564",1,"All clusters"
"2565",1,"All clusters"
"2566",1,"All clusters"
"2567",1,"All clusters"
"2568",1,"All clusters"
"2569",1,"All clusters"
"2570",1,"All clusters"
"2571",1,"All clusters"
"2572",1,"All clusters"
"2573",1,"All clusters"
"2574",1,"All clusters"
"2575",1,"All clusters"
"2576",1,"All clusters"
"2577",1,"All clusters"
"2578",1,"All clusters"
"2579",1,"All clusters"
"2580",1,"All clusters"
"2581",1,"All clusters"
"2582",1,"All clusters"
"2583",1,"All clusters"
"2584",1,"All clusters"
"2585",1,"All clusters"
"2586",1,"All clusters"
"2587",1,"All clusters"
"2588",1,"All clusters"
"2589",1,"All clusters"
"2590",1,"All clusters"
"2591",1,"All clusters"
"2592",1,"All clusters"
"2593",1,"All clusters"
"2594",1,"All clusters"
"2595",1,"All clusters"
"2596",1,"All clusters"
"2597",1,"All clusters"
"2598",1,"All clusters"
"2599",1,"All clusters"
"2600",1,"All clusters"
"2601",1,"All clusters"
"2602",1,"All clusters"
"2603",1,"All clusters"
"2604",1,"All clusters"
"2605",1,"All clusters"
"2606",1,"All clusters"
"2607",1,"All clusters"
"2608",1,"All clusters"
"2609",1,"All clusters"
"2610",1,"All clusters"
"2611",1,"All clusters"
"2612",1,"All clusters"
"2613",1,"All clusters"
"2614",1,"All clusters"
"2615",1,"All clusters"
"2616",1,"All clusters"
"2617",1,"All clusters"
"2618",1,"All clusters"
"2619",1,"All clusters"
"2620",1,"All clusters"
"2621",1,"All clusters"
"2622",1,"All clusters"
"2623",1,"All clusters"
"2624",1,"All clusters"
"2625",1,"All clusters"
"2626",1,"All clusters"
"2627",1,"All clusters"
"2628",1,"All clusters"
"2629",1,"All clusters"
"2630",1,"All clusters"
"2631",1,"All clusters"
"2632",1,"All clusters"
"2633",1,"All clusters"
"2634",1,"All clusters"
"2635",1,"All clusters"
"2636",1,"All clusters"
"2637",1,"All clusters"
"2638",1,"All clusters"
"2639",1,"All clusters"
"2640",1,"All clusters"
"2641",1,"All clusters"
"2642",1,"All clusters"
"2643",1,"All clusters"
"2644",1,"All clusters"
"2645",1,"All clusters"
"2646",1,"All clusters"
"2647",1,"All clusters"
"2648",1,"All clusters"
"2649",1,"All clusters"
"2650",1,"All clusters"
"2651",1,"All clusters"
"2652",1,"All clusters"
"2653",1,"All clusters"
"2654",1,"All clusters"
"2655",1,"All clusters"
"2656",1,"All clusters"
"2657",1,"All clusters"
"2658",1,"All clusters"
"2659",1,"All clusters"
"2660",1,"All clusters"
"2661",1,"All clusters"
"2662",1,"All clusters"
"2663",1,"All clusters"
"2664",1,"All clusters"
"2665",1,"All clusters"
"2666",1,"All clusters"
"2667",1,"All clusters"
"2668",1,"All clusters"
"2669",1,"All clusters"
"2670",1,"All clusters"
"2671",1,"All clusters"
"2672",1,"All clusters"
"2673",1,"All clusters"
"2674",1,"All clusters"
"2675",1,"All clusters"
"2676",1,"All clusters"
"2677",1,"All clusters"
"2678",1,"All clusters"
"2679",1,"All clusters"
"2680",1,"All clusters"
"2681",1,"All clusters"
"2682",1,"All clusters"
"2683",1,"All clusters"
"2684",1,"All clusters"
"2685",1,"All clusters"
"2686",1,"All clusters"
"2687",1,"All clusters"
"2688",1,"All clusters"
"2689",1,"All clusters"
"2690",1,"All clusters"
"2691",1,"All clusters"
"2692",1,"All clusters"
"2693",1,"All clusters"
"2694",1,"All clusters"
"2695",1,"All clusters"
"2696",1,"All clusters"
"2697",1,"All clusters"
"2698",1,"All clusters"
"2699",1,"All clusters"
"2700",1,"All clusters"
"2701",1,"All clusters"
"2702",1,"All clusters"
"2703",1,"All clusters"
"2704",1,"All clusters"
"2705",1,"All clusters"
"2706",1,"All clusters"
"2707",1,"All clusters"
"2708",1,"All clusters"
"2709",1,"All clusters"
"2710",1,"All clusters"
"2711",1,"All clusters"
"2712",1,"All clusters"
"2713",1,"All clusters"
"2714",1,"All clusters"
"2715",1,"All clusters"
"2716",1,"All clusters"
"2717",1,"All clusters"
"2718",1,"All clusters"
"2719",1,"All clusters"
"2720",1,"All clusters"
"2721",1,"All clusters"
"2722",1,"All clusters"
"2723",1,"All clusters"
"2724",1,"All clusters"
"2725",1,"All clusters"
"2726",1,"All clusters"
"2727",1,"All clusters"
"2728",1,"All clusters"
"2729",1,"All clusters"
"2730",1,"All clusters"
"2731",1,"All clusters"
"2732",1,"All clusters"
"2733",1,"All clusters"
"2734",1,"All clusters"
"2735",1,"All clusters"
"2736",1,"All clusters"
"2737",1,"All clusters"
"2738",1,"All clusters"
"2739",1,"All clusters"
"2740",1,"All clusters"
"2741",1,"All clusters"
"2742",1,"All clusters"
"2743",1,"All clusters"
"2744",1,"All clusters"
"2745",1,"All clusters"
"2746",1,"All clusters"
"2747",1,"All clusters"
"2748",1,"All clusters"
"2749",1,"All clusters"
"2750",1,"All clusters"
"2751",1,"All clusters"
"2752",1,"All clusters"
"2753",1,"All clusters"
"2754",1,"All clusters"
"2755",1,"All clusters"
"2756",1,"All clusters"
"2757",1,"All clusters"
"2758",1,"All clusters"
"2759",1,"All clusters"
"2760",1,"All clusters"
"2761",1,"All clusters"
"2762",1,"All clusters"
"2763",1,"All clusters"
"2764",1,"All clusters"
"2765",1,"All clusters"
"2766",1,"All clusters"
"2767",1,"All clusters"
"2768",1,"All clusters"
"2769",1,"All clusters"
"2770",1,"All clusters"
"2771",1,"All clusters"
"2772",1,"All clusters"
"2773",1,"All clusters"
"2774",1,"All clusters"
"2775",1,"All clusters"
"2776",1,"All clusters"
"2777",1,"All clusters"
"2778",1,"All clusters"
"2779",1,"All clusters"
"2780",1,"All clusters"
"2781",1,"All clusters"
"2782",1,"All clusters"
"2783",1,"All clusters"
"2784",1,"All clusters"
"2785",1,"All clusters"
"2786",1,"All clusters"
"2787",1,"All clusters"
"2788",1,"All clusters"
"2789",1,"All clusters"
"2790",1,"All clusters"
"2791",1,"All clusters"
"2792",1,"All clusters"
"2793",1,"All clusters"
"2794",1,"All clusters"
"2795",1,"All clusters"
"2796",1,"All clusters"
"2797",1,"All clusters"
"2798",1,"All clusters"
"2799",1,"All clusters"
"2800",1,"All clusters"
"2801",1,"All clusters"
"2802",1,"All clusters"
"2803",1,"All clusters"
"2804",1,"All clusters"
"2805",1,"All clusters"
"2806",1,"All clusters"
"2807",1,"All clusters"
"2808",1,"All clusters"
"2809",1,"All clusters"
"2810",1,"All clusters"
"2811",1,"All clusters"
"2812",1,"All clusters"
"2813",1,"All clusters"
"2814",1,"All clusters"
"2815",1,"All clusters"
"2816",1,"All clusters"
"2817",1,"All clusters"
"2818",1,"All clusters"
"2819",1,"All clusters"
"2820",1,"All clusters"
"2821",1,"All clusters"
"2822",1,"All clusters"
"2823",1,"All clusters"
"2824",1,"All clusters"
"2825",1,"All clusters"
"2826",1,"All clusters"
"2827",1,"All clusters"
"2828",1,"All clusters"
"2829",1,"All clusters"
"2830",1,"All clusters"
"2831",1,"All clusters"
"2832",1,"All clusters"
"2833",1,"All clusters"
"2834",1,"All clusters"
"2835",1,"All clusters"
"2836",1,"All clusters"
"2837",1,"All clusters"
"2838",1,"All clusters"
"2839",1,"All clusters"
"2840",1,"All clusters"
"2841",1,"All clusters"
"2842",1,"All clusters"
"2843",1,"All clusters"
"2844",1,"All clusters"
"2845",1,"All clusters"
"2846",1,"All clusters"
"2847",1,"All clusters"
"2848",1,"All clusters"
"2849",1,"All clusters"
"2850",1,"All clusters"
"2851",1,"All clusters"
"2852",1,"All clusters"
"2853",1,"All clusters"
"2854",1,"All clusters"
"2855",1,"All clusters"
"2856",1,"All clusters"
"2857",1,"All clusters"
"2858",1,"All clusters"
"2859",1,"All clusters"
"2860",1,"All clusters"
"2861",1,"All clusters"
"2862",1,"All clusters"
"2863",1,"All clusters"
"2864",1,"All clusters"
"2865",1,"All clusters"
"2866",1,"All clusters"
"2867",1,"All clusters"
"2868",1,"All clusters"
"2869",1,"All clusters"
"2870",1,"All clusters"
"2871",1,"All clusters"
"2872",1,"All clusters"
"2873",1,"All clusters"
"2874",1,"All clusters"
"2875",1,"All clusters"
"2876",1,"All clusters"
"2877",1,"All clusters"
"2878",1,"All clusters"
"2879",1,"All clusters"
"2880",1,"All clusters"
"2881",1,"All clusters"
"2882",1,"All clusters"
"2883",1,"All clusters"
"2884",1,"All clusters"
"2885",1,"All clusters"
"2886",1,"All clusters"
"2887",1,"All clusters"
"2888",1,"All clusters"
"2889",1,"All clusters"
"2890",1,"All clusters"
"2891",1,"All clusters"
"2892",1,"All clusters"
"2893",1,"All clusters"
"2894",1,"All clusters"
"2895",1,"All clusters"
"2896",1,"All clusters"
"2897",1,"All clusters"
"2898",1,"All clusters"
"2899",1,"All clusters"
"2900",1,"All clusters"
"2901",1,"All clusters"
"2902",1,"All clusters"
"2903",1,"All clusters"
"2904",1,"All clusters"
"2905",1,"All clusters"
"2906",1,"All clusters"
"2907",1,"All clusters"
"2908",1,"All clusters"
"2909",1,"All clusters"
"2910",1,"All clusters"
"2911",1,"All clusters"
"2912",1,"All clusters"
"2913",1,"All clusters"
"2914",1,"All clusters"
"2915",1,"All clusters"
"2916",1,"All clusters"
"2917",1,"All clusters"
"2918",1,"All clusters"
"2919",1,"All clusters"
"2920",1,"All clusters"
"2921",1,"All clusters"
"2922",1,"All clusters"
"2923",1,"All clusters"
"2924",1,"All clusters"
"2925",1,"All clusters"
"2926",1,"All clusters"
"2927",1,"All clusters"
"2928",1,"All clusters"
"2929",1,"All clusters"
"2930",1,"All clusters"
"2931",1,"All clusters"
"2932",1,"All clusters"
"2933",1,"All clusters"
"2934",1,"All clusters"
"2935",1,"All clusters"
"2936",1,"All clusters"
"2937",1,"All clusters"
"2938",1,"All clusters"
"2939",1,"All clusters"
"2940",1,"All clusters"
"2941",1,"All clusters"
"2942",1,"All clusters"
"2943",1,"All clusters"
"2944",1,"All clusters"
"2945",1,"All clusters"
"2946",1,"All clusters"
"2947",1,"All clusters"
"2948",1,"All clusters"
"2949",1,"All clusters"
"2950",1,"All clusters"
"2951",1,"All clusters"
"2952",1,"All clusters"
"2953",1,"All clusters"
"2954",1,"All clusters"
"2955",1,"All clusters"
"2956",1,"All clusters"
"2957",1,"All clusters"
"2958",1,"All clusters"
"2959",1,"All clusters"
"2960",1,"All clusters"
"2961",1,"All clusters"
"2962",1,"All clusters"
"2963",1,"All clusters"
"2964",1,"All clusters"
"2965",1,"All clusters"
"2966",1,"All clusters"
"2967",1,"All clusters"
"2968",1,"All clusters"
"2969",1,"All clusters"
"2970",1,"All clusters"
"2971",1,"All clusters"
"2972",1,"All clusters"
"2973",1,"All clusters"
"2974",1,"All clusters"
"2975",1,"All clusters"
"2976",1,"All clusters"
"2977",1,"All clusters"
"2978",1,"All clusters"
"2979",1,"All clusters"
"2980",1,"All clusters"
"2981",1,"All clusters"
"2982",1,"All clusters"
"2983",1,"All clusters"
"2984",1,"All clusters"
"2985",1,"All clusters"
"2986",1,"All clusters"
"2987",1,"All clusters"
"2988",1,"All clusters"
"2989",1,"All clusters"
"2990",1,"All clusters"
"2991",1,"All clusters"
"2992",1,"All clusters"
"2993",1,"All clusters"
"2994",1,"All clusters"
"2995",1,"All clusters"
"2996",1,"All clusters"
"2997",1,"All clusters"
"2998",1,"All clusters"
"2999",1,"All clusters"
"3000",1,"All clusters"
"3001",1,"All clusters"
"3002",1,"All clusters"
"3003",1,"All clusters"
"3004",1,"All clusters"
"3005",1,"All clusters"
"3006",1,"All clusters"
"3007",1,"All clusters"
"3008",1,"All clusters"
"3009",1,"All clusters"
"3010",1,"All clusters"
"3011",1,"All clusters"
"3012",1,"All clusters"
"3013",1,"All clusters"
"3014",1,"All clusters"
"3015",1,"All clusters"
"3016",1,"All clusters"
"3017",1,"All clusters"
"3018",1,"All clusters"
"3019",1,"All clusters"
"3020",1,"All clusters"
"3021",1,"All clusters"
"3022",1,"All clusters"
"3023",1,"All clusters"
"3024",1,"All clusters"
"3025",1,"All clusters"
"3026",1,"All clusters"
"3027",1,"All clusters"
"3028",1,"All clusters"
"3029",1,"All clusters"
"3030",1,"All clusters"
"3031",1,"All clusters"
"3032",1,"All clusters"
"3033",1,"All clusters"
"3034",1,"All clusters"
"3035",1,"All clusters"
"3036",1,"All clusters"
"3037",1,"All clusters"
"3038",1,"All clusters"
"3039",1,"All clusters"
"3040",1,"All clusters"
"3041",1,"All clusters"
"3042",1,"All clusters"
"3043",1,"All clusters"
"3044",1,"All clusters"
"3045",1,"All clusters"
"3046",1,"All clusters"
"3047",1,"All clusters"
"3048",1,"All clusters"
"3049",1,"All clusters"
"3050",1,"All clusters"
"3051",1,"All clusters"
"3052",1,"All clusters"
"3053",1,"All clusters"
"3054",1,"All clusters"
"3055",1,"All clusters"
"3056",1,"All clusters"
"3057",1,"All clusters"
"3058",1,"All clusters"
"3059",1,"All clusters"
"3060",1,"All clusters"
"3061",1,"All clusters"
"3062",1,"All clusters"
"3063",1,"All clusters"
"3064",1,"All clusters"
"3065",1,"All clusters"
"3066",1,"All clusters"
"3067",1,"All clusters"
"3068",1,"All clusters"
"3069",1,"All clusters"
"3070",1,"All clusters"
"3071",1,"All clusters"
"3072",1,"All clusters"
"3073",1,"All clusters"
"3074",1,"All clusters"
"3075",1,"All clusters"
"3076",1,"All clusters"
"3077",1,"All clusters"
"3078",1,"All clusters"
"3079",1,"All clusters"
"3080",1,"All clusters"
"3081",1,"All clusters"
"3082",1,"All clusters"
"3083",1,"All clusters"
"3084",1,"All clusters"
"3085",1,"All clusters"
"3086",1,"All clusters"
"3087",1,"All clusters"
"3088",1,"All clusters"
"3089",1,"All clusters"
"3090",1,"All clusters"
"3091",1,"All clusters"
"3092",1,"All clusters"
"3093",1,"All clusters"
"3094",1,"All clusters"
"3095",1,"All clusters"
"3096",1,"All clusters"
"3097",1,"All clusters"
"3098",1,"All clusters"
"3099",1,"All clusters"
"3100",1,"All clusters"
"3101",1,"All clusters"
"3102",1,"All clusters"
"3103",1,"All clusters"
"3104",1,"All clusters"
"3105",1,"All clusters"
"3106",1,"All clusters"
"3107",1,"All clusters"
"3108",1,"All clusters"
"3109",1,"All clusters"
"3110",1,"All clusters"
"3111",1,"All clusters"
"3112",1,"All clusters"
"3113",1,"All clusters"
"3114",1,"All clusters"
"3115",1,"All clusters"
"3116",1,"All clusters"
"3117",1,"All clusters"
"3118",1,"All clusters"
"3119",1,"All clusters"
"3120",1,"All clusters"
"3121",1,"All clusters"
"3122",1,"All clusters"
"3123",1,"All clusters"
"3124",1,"All clusters"
"3125",1,"All clusters"
"3126",1,"All clusters"
"3127",1,"All clusters"
"3128",1,"All clusters"
"3129",1,"All clusters"
"3130",1,"All clusters"
"3131",1,"All clusters"
"3132",1,"All clusters"
"3133",1,"All clusters"
"3134",1,"All clusters"
"3135",1,"All clusters"
"3136",1,"All clusters"
"3137",1,"All clusters"
"3138",1,"All clusters"
"3139",1,"All clusters"
"3140",1,"All clusters"
"3141",1,"All clusters"
"3142",1,"All clusters"
"3143",1,"All clusters"
"3144",1,"All clusters"
"3145",1,"All clusters"
"3146",1,"All clusters"
"3147",1,"All clusters"
"3148",1,"All clusters"
"3149",1,"All clusters"
"3150",1,"All clusters"
"3151",1,"All clusters"
"3152",1,"All clusters"
"3153",1,"All clusters"
"3154",1,"All clusters"
"3155",1,"All clusters"
"3156",1,"All clusters"
"3157",1,"All clusters"
"3158",1,"All clusters"
"3159",1,"All clusters"
"3160",1,"All clusters"
"3161",1,"All clusters"
"3162",1,"All clusters"
"3163",1,"All clusters"
"3164",1,"All clusters"
"3165",1,"All clusters"
"3166",1,"All clusters"
"3167",1,"All clusters"
"3168",1,"All clusters"
"3169",1,"All clusters"
"3170",1,"All clusters"
"3171",1,"All clusters"
"3172",1,"All clusters"
"3173",1,"All clusters"
"3174",1,"All clusters"
"3175",1,"All clusters"
"3176",1,"All clusters"
"3177",1,"All clusters"
"3178",1,"All clusters"
"3179",1,"All clusters"
"3180",1,"All clusters"
"3181",1,"All clusters"
"3182",1,"All clusters"
"3183",1,"All clusters"
"3184",1,"All clusters"
"3185",1,"All clusters"
"3186",1,"All clusters"
"3187",1,"All clusters"
"3188",1,"All clusters"
"3189",1,"All clusters"
"3190",1,"All clusters"
"3191",1,"All clusters"
"3192",1,"All clusters"
"3193",1,"All clusters"
"3194",1,"All clusters"
"3195",1,"All clusters"
"3196",1,"All clusters"
"3197",1,"All clusters"
"3198",1,"All clusters"
"3199",1,"All clusters"
"3200",1,"All clusters"
"3201",1,"All clusters"
"3202",1,"All clusters"
"3203",1,"All clusters"
"3204",1,"All clusters"
"3205",1,"All clusters"
"3206",1,"All clusters"
"3207",1,"All clusters"
"3208",1,"All clusters"
"3209",1,"All clusters"
"3210",1,"All clusters"
"3211",1,"All clusters"
"3212",1,"All clusters"
"3213",1,"All clusters"
"3214",1,"All clusters"
"3215",1,"All clusters"
"3216",1,"All clusters"
"3217",1,"All clusters"
"3218",1,"All clusters"
"3219",1,"All clusters"
"3220",1,"All clusters"
"3221",1,"All clusters"
"3222",1,"All clusters"
"3223",1,"All clusters"
"3224",1,"All clusters"
"3225",1,"All clusters"
"3226",1,"All clusters"
"3227",1,"All clusters"
"3228",1,"All clusters"
"3229",1,"All clusters"
"3230",1,"All clusters"
"3231",1,"All clusters"
"3232",1,"All clusters"
"3233",1,"All clusters"
"3234",1,"All clusters"
"3235",1,"All clusters"
"3236",1,"All clusters"
"3237",1,"All clusters"
"3238",1,"All clusters"
"3239",1,"All clusters"
"3240",1,"All clusters"
"3241",1,"All clusters"
"3242",1,"All clusters"
"3243",1,"All clusters"
"3244",1,"All clusters"
"3245",1,"All clusters"
"3246",1,"All clusters"
"3247",1,"All clusters"
"3248",1,"All clusters"
"3249",1,"All clusters"
"3250",1,"All clusters"
"3251",1,"All clusters"
"3252",1,"All clusters"
"3253",1,"All clusters"
"3254",1,"All clusters"
"3255",1,"All clusters"
"3256",1,"All clusters"
"3257",1,"All clusters"
"3258",1,"All clusters"
"3259",1,"All clusters"
"3260",1,"All clusters"
"3261",1,"All clusters"
"3262",1,"All clusters"
"3263",1,"All clusters"
"3264",1,"All clusters"
"3265",1,"All clusters"
"3266",1,"All clusters"
"3267",1,"All clusters"
"3268",1,"All clusters"
"3269",1,"All clusters"
"3270",1,"All clusters"
"3271",1,"All clusters"
"3272",1,"All clusters"
"3273",1,"All clusters"
"3274",1,"All clusters"
"3275",1,"All clusters"
"3276",1,"All clusters"
"3277",1,"All clusters"
"3278",1,"All clusters"
"3279",1,"All clusters"
"3280",1,"All clusters"
"3281",1,"All clusters"
"3282",1,"All clusters"
"3283",1,"All clusters"
"3284",1,"All clusters"
"3285",1,"All clusters"
"3286",1,"All clusters"
"3287",1,"All clusters"
"3288",1,"All clusters"
"3289",1,"All clusters"
"3290",1,"All clusters"
"3291",1,"All clusters"
"3292",1,"All clusters"
"3293",1,"All clusters"
"3294",1,"All clusters"
"3295",1,"All clusters"
"3296",1,"All clusters"
"3297",1,"All clusters"
"3298",1,"All clusters"
"3299",1,"All clusters"
"3300",1,"All clusters"
"3301",1,"All clusters"
"3302",1,"All clusters"
"3303",1,"All clusters"
"3304",1,"All clusters"
"3305",1,"All clusters"
"3306",1,"All clusters"
"3307",1,"All clusters"
"3308",1,"All clusters"
"3309",1,"All clusters"
"3310",1,"All clusters"
"3311",1,"All clusters"
"3312",1,"All clusters"
"3313",1,"All clusters"
"3314",1,"All clusters"
"3315",1,"All clusters"
"3316",1,"All clusters"
"3317",1,"All clusters"
"3318",1,"All clusters"
"3319",1,"All clusters"
"3320",1,"All clusters"
"3321",1,"All clusters"
"3322",1,"All clusters"
"3323",1,"All clusters"
"3324",1,"All clusters"
"3325",1,"All clusters"
"3326",1,"All clusters"
"3327",1,"All clusters"
"3328",1,"All clusters"
"3329",1,"All clusters"
"3330",1,"All clusters"
"3331",1,"All clusters"
"3332",1,"All clusters"
"3333",1,"All clusters"
"3334",1,"All clusters"
"3335",1,"All clusters"
"3336",1,"All clusters"
"3337",1,"All clusters"
"3338",1,"All clusters"
"3339",1,"All clusters"
"3340",1,"All clusters"
"3341",1,"All clusters"
"3342",1,"All clusters"
"3343",1,"All clusters"
"3344",1,"All clusters"
"3345",1,"All clusters"
"3346",1,"All clusters"
"3347",1,"All clusters"
"3348",1,"All clusters"
"3349",1,"All clusters"
"3350",1,"All clusters"
"3351",1,"All clusters"
"3352",1,"All clusters"
"3353",1,"All clusters"
"3354",1,"All clusters"
"3355",1,"All clusters"
"3356",1,"All clusters"
"3357",1,"All clusters"
"3358",1,"All clusters"
"3359",1,"All clusters"
"3360",1,"All clusters"
"3361",1,"All clusters"
"3362",1,"All clusters"
"3363",1,"All clusters"
"3364",1,"All clusters"
"3365",1,"All clusters"
"3366",1,"All clusters"
"3367",1,"All clusters"
"3368",1,"All clusters"
"3369",1,"All clusters"
"3370",1,"All clusters"
"3371",1,"All clusters"
"3372",1,"All clusters"
"3373",1,"All clusters"
"3374",1,"All clusters"
"3375",1,"All clusters"
"3376",1,"All clusters"
"3377",1,"All clusters"
"3378",1,"All clusters"
"3379",1,"All clusters"
"3380",1,"All clusters"
"3381",1,"All clusters"
"3382",1,"All clusters"
"3383",1,"All clusters"
"3384",1,"All clusters"
"3385",1,"All clusters"
"3386",1,"All clusters"
"3387",1,"All clusters"
"3388",1,"All clusters"
"3389",1,"All clusters"
"3390",1,"All clusters"
"3391",1,"All clusters"
"3392",1,"All clusters"
"3393",1,"All clusters"
"3394",1,"All clusters"
"3395",1,"All clusters"
"3396",1,"All clusters"
"3397",1,"All clusters"
"3398",1,"All clusters"
"3399",1,"All clusters"
"3400",1,"All clusters"
"3401",1,"All clusters"
"3402",1,"All clusters"
"3403",1,"All clusters"
"3404",1,"All clusters"
"3405",1,"All clusters"
"3406",1,"All clusters"
"3407",1,"All clusters"
"3408",1,"All clusters"
"3409",1,"All clusters"
"3410",1,"All clusters"
"3411",1,"All clusters"
"3412",1,"All clusters"
"3413",1,"All clusters"
"3414",1,"All clusters"
"3415",1,"All clusters"
"3416",1,"All clusters"
"3417",1,"All clusters"
"3418",1,"All clusters"
"3419",1,"All clusters"
"3420",1,"All clusters"
"3421",1,"All clusters"
"3422",1,"All clusters"
"3423",1,"All clusters"
"3424",1,"All clusters"
"3425",1,"All clusters"
"3426",1,"All clusters"
"3427",1,"All clusters"
"3428",1,"All clusters"
"3429",1,"All clusters"
"3430",1,"All clusters"
"3431",1,"All clusters"
"3432",1,"All clusters"
"3433",1,"All clusters"
"3434",1,"All clusters"
"3435",1,"All clusters"
"3436",1,"All clusters"
"3437",1,"All clusters"
"3438",1,"All clusters"
"3439",1,"All clusters"
"3440",1,"All clusters"
"3441",1,"All clusters"
"3442",1,"All clusters"
"3443",1,"All clusters"
"3444",1,"All clusters"
"3445",1,"All clusters"
"3446",1,"All clusters"
"3447",1,"All clusters"
"3448",1,"All clusters"
"3449",1,"All clusters"
"3450",1,"All clusters"
"3451",1,"All clusters"
"3452",1,"All clusters"
"3453",1,"All clusters"
"3454",1,"All clusters"
"3455",1,"All clusters"
"3456",1,"All clusters"
"3457",1,"All clusters"
"3458",1,"All clusters"
"3459",1,"All clusters"
"3460",1,"All clusters"
"3461",1,"All clusters"
"3462",1,"All clusters"
"3463",1,"All clusters"
"3464",1,"All clusters"
"3465",1,"All clusters"
"3466",1,"All clusters"
"3467",1,"All clusters"
"3468",1,"All clusters"
"3469",1,"All clusters"
"3470",1,"All clusters"
"3471",1,"All clusters"
"3472",1,"All clusters"
"3473",1,"All clusters"
"3474",1,"All clusters"
"3475",1,"All clusters"
"3476",1,"All clusters"
"3477",1,"All clusters"
"3478",1,"All clusters"
"3479",1,"All clusters"
"3480",1,"All clusters"
"3481",1,"All clusters"
"3482",1,"All clusters"
"3483",1,"All clusters"
"3484",1,"All clusters"
"3485",1,"All clusters"
"3486",1,"All clusters"
"3487",1,"All clusters"
"3488",1,"All clusters"
"3489",1,"All clusters"
"3490",1,"All clusters"
"3491",1,"All clusters"
"3492",1,"All clusters"
"3493",1,"All clusters"
"3494",1,"All clusters"
"3495",1,"All clusters"
"3496",1,"All clusters"
"3497",1,"All clusters"
"3498",1,"All clusters"
"3499",1,"All clusters"
"3500",1,"All clusters"
"3501",1,"All clusters"
"3502",1,"All clusters"
"3503",1,"All clusters"
"3504",1,"All clusters"
"3505",1,"All clusters"
"3506",1,"All clusters"
"3507",1,"All clusters"
"3508",1,"All clusters"
"3509",1,"All clusters"
"3510",1,"All clusters"
"3511",1,"All clusters"
"3512",1,"All clusters"
"3513",1,"All clusters"
"3514",1,"All clusters"
"3515",1,"All clusters"
"3516",1,"All clusters"
"3517",1,"All clusters"
"3518",1,"All clusters"
"3519",1,"All clusters"
"3520",1,"All clusters"
"3521",1,"All clusters"
"3522",1,"All clusters"
"3523",1,"All clusters"
"3524",1,"All clusters"
"3525",1,"All clusters"
"3526",1,"All clusters"
"3527",1,"All clusters"
"3528",1,"All clusters"
"3529",1,"All clusters"
"3530",1,"All clusters"
"3531",1,"All clusters"
"3532",1,"All clusters"
"3533",1,"All clusters"
"3534",1,"All clusters"
"3535",1,"All clusters"
"3536",1,"All clusters"
"3537",1,"All clusters"
"3538",1,"All clusters"
"3539",1,"All clusters"
"3540",1,"All clusters"
"3541",1,"All clusters"
"3542",1,"All clusters"
"3543",1,"All clusters"
"3544",1,"All clusters"
"3545",1,"All clusters"
"3546",1,"All clusters"
"3547",1,"All clusters"
"3548",1,"All clusters"
"3549",1,"All clusters"
"3550",1,"All clusters"
"3551",1,"All clusters"
"3552",1,"All clusters"
"3553",1,"All clusters"
"3554",1,"All clusters"
"3555",1,"All clusters"
"3556",1,"All clusters"
"3557",1,"All clusters"
"3558",1,"All clusters"
"3559",1,"All clusters"
"3560",1,"All clusters"
"3561",1,"All clusters"
"3562",1,"All clusters"
"3563",1,"All clusters"
"3564",1,"All clusters"
"3565",1,"All clusters"
"3566",1,"All clusters"
"3567",1,"All clusters"
"3568",1,"All clusters"
"3569",1,"All clusters"
"3570",1,"All clusters"
"3571",1,"All clusters"
"3572",1,"All clusters"
"3573",1,"All clusters"
"3574",1,"All clusters"
"3575",1,"All clusters"
"3576",1,"All clusters"
"3577",1,"All clusters"
"3578",1,"All clusters"
"3579",1,"All clusters"
"3580",1,"All clusters"
"3581",1,"All clusters"
"3582",1,"All clusters"
"3583",1,"All clusters"
"3584",1,"All clusters"
"3585",1,"All clusters"
"3586",1,"All clusters"
"3587",1,"All clusters"
"3588",1,"All clusters"
"3589",1,"All clusters"
"3590",1,"All clusters"
"3591",1,"All clusters"
"3592",1,"All clusters"
"3593",1,"All clusters"
"3594",1,"All clusters"
"3595",1,"All clusters"
"3596",1,"All clusters"
"3597",1,"All clusters"
"3598",1,"All clusters"
"3599",1,"All clusters"
"3600",1,"All clusters"
"3601",1,"All clusters"
"3602",1,"All clusters"
"3603",1,"All clusters"
"3604",1,"All clusters"
"3605",1,"All clusters"
"3606",1,"All clusters"
"3607",1,"All clusters"
"3608",1,"All clusters"
"3609",1,"All clusters"
"3610",1,"All clusters"
"3611",1,"All clusters"
"3612",1,"All clusters"
"3613",1,"All clusters"
"3614",1,"All clusters"
"3615",1,"All clusters"
"3616",1,"All clusters"
"3617",1,"All clusters"
"3618",1,"All clusters"
"3619",1,"All clusters"
"3620",1,"All clusters"
"3621",1,"All clusters"
"3622",1,"All clusters"
"3623",1,"All clusters"
"3624",1,"All clusters"
"3625",1,"All clusters"
"3626",1,"All clusters"
"3627",1,"All clusters"
"3628",1,"All clusters"
"3629",1,"All clusters"
"3630",1,"All clusters"
"3631",1,"All clusters"
"3632",1,"All clusters"
"3633",1,"All clusters"
"3634",1,"All clusters"
"3635",1,"All clusters"
"3636",1,"All clusters"
"3637",1,"All clusters"
"3638",1,"All clusters"
"3639",1,"All clusters"
"3640",1,"All clusters"
"3641",1,"All clusters"
"3642",1,"All clusters"
"3643",1,"All clusters"
"3644",1,"All clusters"
"3645",1,"All clusters"
"3646",1,"All clusters"
"3647",1,"All clusters"
"3648",1,"All clusters"
"3649",1,"All clusters"
"3650",1,"All clusters"
"3651",1,"All clusters"
"3652",1,"All clusters"
"3653",1,"All clusters"
"3654",1,"All clusters"
"3655",1,"All clusters"
"3656",1,"All clusters"
"3657",1,"All clusters"
"3658",1,"All clusters"
"3659",1,"All clusters"
"3660",1,"All clusters"
"3661",1,"All clusters"
"3662",1,"All clusters"
"3663",1,"All clusters"
"3664",1,"All clusters"
"3665",1,"All clusters"
"3666",1,"All clusters"
"3667",1,"All clusters"
"3668",1,"All clusters"
"3669",1,"All clusters"
"3670",1,"All clusters"
"3671",1,"All clusters"
"3672",1,"All clusters"
"3673",1,"All clusters"
"3674",1,"All clusters"
"3675",1,"All clusters"
"3676",1,"All clusters"
"3677",1,"All clusters"
"3678",1,"All clusters"
"3679",1,"All clusters"
"3680",1,"All clusters"
"3681",1,"All clusters"
"3682",1,"All clusters"
"3683",1,"All clusters"
"3684",1,"All clusters"
"3685",1,"All clusters"
"3686",1,"All clusters"
"3687",1,"All clusters"
"3688",1,"All clusters"
"3689",1,"All clusters"
"3690",1,"All clusters"
"3691",1,"All clusters"
"3692",1,"All clusters"
"3693",1,"All clusters"
"3694",1,"All clusters"
"3695",1,"All clusters"
"3696",1,"All clusters"
"3697",1,"All clusters"
"3698",1,"All clusters"
"3699",1,"All clusters"
"3700",1,"All clusters"
"3701",1,"All clusters"
"3702",1,"All clusters"
"3703",1,"All clusters"
"3704",1,"All clusters"
"3705",1,"All clusters"
"3706",1,"All clusters"
"3707",1,"All clusters"
"3708",1,"All clusters"
"3709",1,"All clusters"
"3710",1,"All clusters"
"3711",1,"All clusters"
"3712",1,"All clusters"
"3713",1,"All clusters"
"3714",1,"All clusters"
"3715",1,"All clusters"
"3716",1,"All clusters"
"3717",1,"All clusters"
"3718",1,"All clusters"
"3719",1,"All clusters"
"3720",1,"All clusters"
"3721",1,"All clusters"
"3722",1,"All clusters"
"3723",1,"All clusters"
"3724",1,"All clusters"
"3725",1,"All clusters"
"3726",1,"All clusters"
"3727",1,"All clusters"
"3728",1,"All clusters"
"3729",1,"All clusters"
"3730",1,"All clusters"
"3731",1,"All clusters"
"3732",1,"All clusters"
"3733",1,"All clusters"
"3734",1,"All clusters"
"3735",1,"All clusters"
"3736",1,"All clusters"
"3737",1,"All clusters"
"3738",1,"All clusters"
"3739",1,"All clusters"
"3740",1,"All clusters"
"3741",1,"All clusters"
"3742",1,"All clusters"
"3743",1,"All clusters"
"3744",1,"All clusters"
"3745",1,"All clusters"
"3746",1,"All clusters"
"3747",1,"All clusters"
"3748",1,"All clusters"
"3749",1,"All clusters"
"3750",1,"All clusters"
"3751",1,"All clusters"
"3752",1,"All clusters"
"3753",1,"All clusters"
"3754",1,"All clusters"
"3755",1,"All clusters"
"3756",1,"All clusters"
"3757",1,"All clusters"
"3758",1,"All clusters"
"3759",1,"All clusters"
"3760",1,"All clusters"
"3761",1,"All clusters"
"3762",1,"All clusters"
"3763",1,"All clusters"
"3764",1,"All clusters"
"3765",1,"All clusters"
"3766",1,"All clusters"
"3767",1,"All clusters"
"3768",1,"All clusters"
"3769",1,"All clusters"
"3770",1,"All clusters"
"3771",1,"All clusters"
"3772",1,"All clusters"
"3773",1,"All clusters"
"3774",1,"All clusters"
"3775",1,"All clusters"
"3776",1,"All clusters"
"3777",1,"All clusters"
"3778",1,"All clusters"
"3779",1,"All clusters"
"3780",1,"All clusters"
"3781",1,"All clusters"
"3782",1,"All clusters"
"3783",1,"All clusters"
"3784",1,"All clusters"
"3785",1,"All clusters"
"3786",1,"All clusters"
"3787",1,"All clusters"
"3788",1,"All clusters"
"3789",1,"All clusters"
"3790",1,"All clusters"
